nl_question,sparql_partial_uri,sparql_complete_uri
Find the number of professors in accounting department.,"PREFIX : <http://valuenet/ontop/>
SELECT (count( *) as ?aggregation_all) WHERE { ?T1 a :professor . ?T2 a :department . ?T1 :ref-dept_code ?T2 . ?T2 :dept_name ?T2_dept_name . FILTER(?T2_dept_name = 'Accounting') . }",SELECT (count( *) as ?aggregation_all) WHERE { ?T1 a <http://valuenet/ontop/professor> . ?T2 a <http://valuenet/ontop/department> . ?T1 <http://valuenet/ontop/ref-dept_code> ?T2 . ?T2 <http://valuenet/ontop/dept_name> ?T2_dept_name . FILTER(?T2_dept_name = 'Accounting') . }
How many professors are in the accounting dept?,"PREFIX : <http://valuenet/ontop/>
SELECT (count( *) as ?aggregation_all) WHERE { ?T1 a :professor . ?T2 a :department . ?T1 :ref-dept_code ?T2 . ?T2 :dept_name ?T2_dept_name . FILTER(?T2_dept_name = 'Accounting') . }",SELECT (count( *) as ?aggregation_all) WHERE { ?T1 a <http://valuenet/ontop/professor> . ?T2 a <http://valuenet/ontop/department> . ?T1 <http://valuenet/ontop/ref-dept_code> ?T2 . ?T2 <http://valuenet/ontop/dept_name> ?T2_dept_name . FILTER(?T2_dept_name = 'Accounting') . }
How many professors are teaching class with code ACCT-211?,"PREFIX : <http://valuenet/ontop/>
SELECT DISTINCT (count(DISTINCT ?T1_prof_num) as ?aggregation_T1_prof_num_21 ) WHERE { ?T1 a :class . ?T1 :prof_num ?T1_prof_num . ?T1 :crs_code ?T1_crs_code . FILTER(?T1_crs_code = 'ACCT-211') . }",SELECT DISTINCT (count(DISTINCT ?T1_prof_num) as ?aggregation_T1_prof_num_21 ) WHERE { ?T1 a <http://valuenet/ontop/class> . ?T1 <http://valuenet/ontop/prof_num> ?T1_prof_num . ?T1 <http://valuenet/ontop/crs_code> ?T1_crs_code . FILTER(?T1_crs_code = 'ACCT-211') . }
How many professors teach a class with the code ACCT-211?,"PREFIX : <http://valuenet/ontop/>
SELECT DISTINCT (count(DISTINCT ?T1_prof_num) as ?aggregation_T1_prof_num_49 ) WHERE { ?T1 a :class . ?T1 :prof_num ?T1_prof_num . ?T1 :crs_code ?T1_crs_code . FILTER(?T1_crs_code = 'ACCT-211') . }",SELECT DISTINCT (count(DISTINCT ?T1_prof_num) as ?aggregation_T1_prof_num_49 ) WHERE { ?T1 a <http://valuenet/ontop/class> . ?T1 <http://valuenet/ontop/prof_num> ?T1_prof_num . ?T1 <http://valuenet/ontop/crs_code> ?T1_crs_code . FILTER(?T1_crs_code = 'ACCT-211') . }
What is the first and last name of the professor in biology department?,"PREFIX : <http://valuenet/ontop/>
SELECT ?T1_emp_fname ?T1_emp_lname WHERE { ?T1 a :employee . ?T2 a :department . ?T2 :ref-emp_num ?T1 . ?T1 :emp_fname ?T1_emp_fname . ?T1 :emp_lname ?T1_emp_lname . ?T2 :dept_name ?T2_dept_name . FILTER(?T2_dept_name = 'Biology') . }",SELECT ?T1_emp_fname ?T1_emp_lname WHERE { ?T1 a <http://valuenet/ontop/employee> . ?T2 a <http://valuenet/ontop/department> . ?T2 <http://valuenet/ontop/ref-emp_num> ?T1 . ?T1 <http://valuenet/ontop/emp_fname> ?T1_emp_fname . ?T1 <http://valuenet/ontop/emp_lname> ?T1_emp_lname . ?T2 <http://valuenet/ontop/dept_name> ?T2_dept_name . FILTER(?T2_dept_name = 'Biology') . }
What are the first and last name of all biology professors?,"PREFIX : <http://valuenet/ontop/>
SELECT ?T1_emp_fname ?T1_emp_lname WHERE { ?T1 a :employee . ?T2 a :department . ?T2 :ref-emp_num ?T1 . ?T1 :emp_fname ?T1_emp_fname . ?T1 :emp_lname ?T1_emp_lname . ?T2 :dept_name ?T2_dept_name . FILTER(?T2_dept_name = 'Biology') . }",SELECT ?T1_emp_fname ?T1_emp_lname WHERE { ?T1 a <http://valuenet/ontop/employee> . ?T2 a <http://valuenet/ontop/department> . ?T2 <http://valuenet/ontop/ref-emp_num> ?T1 . ?T1 <http://valuenet/ontop/emp_fname> ?T1_emp_fname . ?T1 <http://valuenet/ontop/emp_lname> ?T1_emp_lname . ?T2 <http://valuenet/ontop/dept_name> ?T2_dept_name . FILTER(?T2_dept_name = 'Biology') . }
What are the first names and date of birth of professors teaching course ACCT-211?,"PREFIX : <http://valuenet/ontop/>
SELECT DISTINCT ?T1_emp_fname ?T1_emp_dob WHERE { ?T1 a :employee . ?T2 a :class . ?T2 :ref-prof_num ?T1 . ?T1 :emp_fname ?T1_emp_fname . ?T1 :emp_dob ?T1_emp_dob . ?T2 :crs_code ?T2_crs_code . FILTER(?T2_crs_code = 'ACCT-211') . }",SELECT DISTINCT ?T1_emp_fname ?T1_emp_dob WHERE { ?T1 a <http://valuenet/ontop/employee> . ?T2 a <http://valuenet/ontop/class> . ?T2 <http://valuenet/ontop/ref-prof_num> ?T1 . ?T1 <http://valuenet/ontop/emp_fname> ?T1_emp_fname . ?T1 <http://valuenet/ontop/emp_dob> ?T1_emp_dob . ?T2 <http://valuenet/ontop/crs_code> ?T2_crs_code . FILTER(?T2_crs_code = 'ACCT-211') . }
What are the first names and birthdates of the professors in charge of ACCT-211?,"PREFIX : <http://valuenet/ontop/>
SELECT DISTINCT ?T1_emp_fname ?T1_emp_dob WHERE { ?T1 a :employee . ?T2 a :class . ?T2 :ref-prof_num ?T1 . ?T1 :emp_fname ?T1_emp_fname . ?T1 :emp_dob ?T1_emp_dob . ?T2 :crs_code ?T2_crs_code . FILTER(?T2_crs_code = 'ACCT-211') . }",SELECT DISTINCT ?T1_emp_fname ?T1_emp_dob WHERE { ?T1 a <http://valuenet/ontop/employee> . ?T2 a <http://valuenet/ontop/class> . ?T2 <http://valuenet/ontop/ref-prof_num> ?T1 . ?T1 <http://valuenet/ontop/emp_fname> ?T1_emp_fname . ?T1 <http://valuenet/ontop/emp_dob> ?T1_emp_dob . ?T2 <http://valuenet/ontop/crs_code> ?T2_crs_code . FILTER(?T2_crs_code = 'ACCT-211') . }
How many classes are professor whose last name is Graztevski has?,"PREFIX : <http://valuenet/ontop/>
SELECT (count( *) as ?aggregation_all) WHERE { ?T1 a :class . ?T2 a :employee . ?T1 :ref-prof_num ?T2 . ?T2 :emp_lname ?T2_emp_lname . FILTER(?T2_emp_lname = 'Graztevski') . }",SELECT (count( *) as ?aggregation_all) WHERE { ?T1 a <http://valuenet/ontop/class> . ?T2 a <http://valuenet/ontop/employee> . ?T1 <http://valuenet/ontop/ref-prof_num> ?T2 . ?T2 <http://valuenet/ontop/emp_lname> ?T2_emp_lname . FILTER(?T2_emp_lname = 'Graztevski') . }
How many classes does the professor whose last name is Graztevski teach?,"PREFIX : <http://valuenet/ontop/>
SELECT (count( *) as ?aggregation_all) WHERE { ?T1 a :class . ?T2 a :employee . ?T1 :ref-prof_num ?T2 . ?T2 :emp_lname ?T2_emp_lname . FILTER(?T2_emp_lname = 'Graztevski') . }",SELECT (count( *) as ?aggregation_all) WHERE { ?T1 a <http://valuenet/ontop/class> . ?T2 a <http://valuenet/ontop/employee> . ?T1 <http://valuenet/ontop/ref-prof_num> ?T2 . ?T2 <http://valuenet/ontop/emp_lname> ?T2_emp_lname . FILTER(?T2_emp_lname = 'Graztevski') . }
What is the code of the school where the accounting department belongs to?,"PREFIX : <http://valuenet/ontop/>
SELECT ?T1_school_code WHERE { ?T1 a :department . ?T1 :school_code ?T1_school_code . ?T1 :dept_name ?T1_dept_name . FILTER(?T1_dept_name = 'Accounting') . }",SELECT ?T1_school_code WHERE { ?T1 a <http://valuenet/ontop/department> . ?T1 <http://valuenet/ontop/school_code> ?T1_school_code . ?T1 <http://valuenet/ontop/dept_name> ?T1_dept_name . FILTER(?T1_dept_name = 'Accounting') . }
What is the school code of the accounting department?,"PREFIX : <http://valuenet/ontop/>
SELECT ?T1_school_code WHERE { ?T1 a :department . ?T1 :school_code ?T1_school_code . ?T1 :dept_name ?T1_dept_name . FILTER(?T1_dept_name = 'Accounting') . }",SELECT ?T1_school_code WHERE { ?T1 a <http://valuenet/ontop/department> . ?T1 <http://valuenet/ontop/school_code> ?T1_school_code . ?T1 <http://valuenet/ontop/dept_name> ?T1_dept_name . FILTER(?T1_dept_name = 'Accounting') . }
"How many credits does course CIS-220 have, and what its description?","PREFIX : <http://valuenet/ontop/>
SELECT ?T1_crs_credit ?T1_crs_description WHERE { ?T1 a :course . ?T1 :crs_credit ?T1_crs_credit . ?T1 :crs_description ?T1_crs_description . ?T1 :crs_code ?T1_crs_code . FILTER(?T1_crs_code = 'CIS-220') . }",SELECT ?T1_crs_credit ?T1_crs_description WHERE { ?T1 a <http://valuenet/ontop/course> . ?T1 <http://valuenet/ontop/crs_credit> ?T1_crs_credit . ?T1 <http://valuenet/ontop/crs_description> ?T1_crs_description . ?T1 <http://valuenet/ontop/crs_code> ?T1_crs_code . FILTER(?T1_crs_code = 'CIS-220') . }
What is the description for the CIS-220 and how many credits does it have?,"PREFIX : <http://valuenet/ontop/>
SELECT ?T1_crs_credit ?T1_crs_description WHERE { ?T1 a :course . ?T1 :crs_credit ?T1_crs_credit . ?T1 :crs_description ?T1_crs_description . ?T1 :crs_code ?T1_crs_code . FILTER(?T1_crs_code = 'CIS-220') . }",SELECT ?T1_crs_credit ?T1_crs_description WHERE { ?T1 a <http://valuenet/ontop/course> . ?T1 <http://valuenet/ontop/crs_credit> ?T1_crs_credit . ?T1 <http://valuenet/ontop/crs_description> ?T1_crs_description . ?T1 <http://valuenet/ontop/crs_code> ?T1_crs_code . FILTER(?T1_crs_code = 'CIS-220') . }
what is the address of history department?,"PREFIX : <http://valuenet/ontop/>
SELECT ?T1_dept_address WHERE { ?T1 a :department . ?T1 :dept_address ?T1_dept_address . ?T1 :dept_name ?T1_dept_name . FILTER(?T1_dept_name = 'History') . }",SELECT ?T1_dept_address WHERE { ?T1 a <http://valuenet/ontop/department> . ?T1 <http://valuenet/ontop/dept_address> ?T1_dept_address . ?T1 <http://valuenet/ontop/dept_name> ?T1_dept_name . FILTER(?T1_dept_name = 'History') . }
Where is the history department?,"PREFIX : <http://valuenet/ontop/>
SELECT ?T1_dept_address WHERE { ?T1 a :department . ?T1 :dept_address ?T1_dept_address . ?T1 :dept_name ?T1_dept_name . FILTER(?T1_dept_name = 'History') . }",SELECT ?T1_dept_address WHERE { ?T1 a <http://valuenet/ontop/department> . ?T1 <http://valuenet/ontop/dept_address> ?T1_dept_address . ?T1 <http://valuenet/ontop/dept_name> ?T1_dept_name . FILTER(?T1_dept_name = 'History') . }
How many different locations does the school with code BUS has?,"PREFIX : <http://valuenet/ontop/>
SELECT DISTINCT (count(DISTINCT ?T1_dept_address) as ?aggregation_T1_dept_address_114 ) WHERE { ?T1 a :department . ?T1 :dept_address ?T1_dept_address . ?T1 :school_code ?T1_school_code . FILTER(?T1_school_code = 'BUS') . }",SELECT DISTINCT (count(DISTINCT ?T1_dept_address) as ?aggregation_T1_dept_address_114 ) WHERE { ?T1 a <http://valuenet/ontop/department> . ?T1 <http://valuenet/ontop/dept_address> ?T1_dept_address . ?T1 <http://valuenet/ontop/school_code> ?T1_school_code . FILTER(?T1_school_code = 'BUS') . }
What are the different locations of the school with the code BUS?,"PREFIX : <http://valuenet/ontop/>
SELECT DISTINCT (count(DISTINCT ?T1_dept_address) as ?aggregation_T1_dept_address_184 ) WHERE { ?T1 a :department . ?T1 :dept_address ?T1_dept_address . ?T1 :school_code ?T1_school_code . FILTER(?T1_school_code = 'BUS') . }",SELECT DISTINCT (count(DISTINCT ?T1_dept_address) as ?aggregation_T1_dept_address_184 ) WHERE { ?T1 a <http://valuenet/ontop/department> . ?T1 <http://valuenet/ontop/dept_address> ?T1_dept_address . ?T1 <http://valuenet/ontop/school_code> ?T1_school_code . FILTER(?T1_school_code = 'BUS') . }
How many different locations does each school have?,"PREFIX : <http://valuenet/ontop/>
SELECT DISTINCT (count(DISTINCT ?T1_dept_address) as ?aggregation_T1_dept_address_147 ) ?T1_school_code WHERE { ?T1 a :department . ?T1 :dept_address ?T1_dept_address . ?T1 :school_code ?T1_school_code . } GROUP BY ?T1_school_code",SELECT DISTINCT (count(DISTINCT ?T1_dept_address) as ?aggregation_T1_dept_address_147 ) ?T1_school_code WHERE { ?T1 a <http://valuenet/ontop/department> . ?T1 <http://valuenet/ontop/dept_address> ?T1_dept_address . ?T1 <http://valuenet/ontop/school_code> ?T1_school_code . } GROUP BY ?T1_school_code
Count different addresses of each school.,"PREFIX : <http://valuenet/ontop/>
SELECT DISTINCT (count(DISTINCT ?T1_dept_address) as ?aggregation_T1_dept_address_129 ) ?T1_school_code WHERE { ?T1 a :department . ?T1 :dept_address ?T1_dept_address . ?T1 :school_code ?T1_school_code . } GROUP BY ?T1_school_code",SELECT DISTINCT (count(DISTINCT ?T1_dept_address) as ?aggregation_T1_dept_address_129 ) ?T1_school_code WHERE { ?T1 a <http://valuenet/ontop/department> . ?T1 <http://valuenet/ontop/dept_address> ?T1_dept_address . ?T1 <http://valuenet/ontop/school_code> ?T1_school_code . } GROUP BY ?T1_school_code
Find the description and credit for the course QM-261?,"PREFIX : <http://valuenet/ontop/>
SELECT ?T1_crs_credit ?T1_crs_description WHERE { ?T1 a :course . ?T1 :crs_credit ?T1_crs_credit . ?T1 :crs_description ?T1_crs_description . ?T1 :crs_code ?T1_crs_code . FILTER(?T1_crs_code = 'QM-261') . }",SELECT ?T1_crs_credit ?T1_crs_description WHERE { ?T1 a <http://valuenet/ontop/course> . ?T1 <http://valuenet/ontop/crs_credit> ?T1_crs_credit . ?T1 <http://valuenet/ontop/crs_description> ?T1_crs_description . ?T1 <http://valuenet/ontop/crs_code> ?T1_crs_code . FILTER(?T1_crs_code = 'QM-261') . }
What is the course description and number of credits for QM-261?,"PREFIX : <http://valuenet/ontop/>
SELECT ?T1_crs_credit ?T1_crs_description WHERE { ?T1 a :course . ?T1 :crs_credit ?T1_crs_credit . ?T1 :crs_description ?T1_crs_description . ?T1 :crs_code ?T1_crs_code . FILTER(?T1_crs_code = 'QM-261') . }",SELECT ?T1_crs_credit ?T1_crs_description WHERE { ?T1 a <http://valuenet/ontop/course> . ?T1 <http://valuenet/ontop/crs_credit> ?T1_crs_credit . ?T1 <http://valuenet/ontop/crs_description> ?T1_crs_description . ?T1 <http://valuenet/ontop/crs_code> ?T1_crs_code . FILTER(?T1_crs_code = 'QM-261') . }
Find the number of departments in each school.,"PREFIX : <http://valuenet/ontop/>
SELECT DISTINCT (count(DISTINCT ?T1_dept_name) as ?aggregation_T1_dept_name_151 ) ?T1_school_code WHERE { ?T1 a :department . ?T1 :dept_name ?T1_dept_name . ?T1 :school_code ?T1_school_code . } GROUP BY ?T1_school_code",SELECT DISTINCT (count(DISTINCT ?T1_dept_name) as ?aggregation_T1_dept_name_151 ) ?T1_school_code WHERE { ?T1 a <http://valuenet/ontop/department> . ?T1 <http://valuenet/ontop/dept_name> ?T1_dept_name . ?T1 <http://valuenet/ontop/school_code> ?T1_school_code . } GROUP BY ?T1_school_code
How many departments are in each school?,"PREFIX : <http://valuenet/ontop/>
SELECT DISTINCT (count(DISTINCT ?T1_dept_name) as ?aggregation_T1_dept_name_32 ) ?T1_school_code WHERE { ?T1 a :department . ?T1 :dept_name ?T1_dept_name . ?T1 :school_code ?T1_school_code . } GROUP BY ?T1_school_code",SELECT DISTINCT (count(DISTINCT ?T1_dept_name) as ?aggregation_T1_dept_name_32 ) ?T1_school_code WHERE { ?T1 a <http://valuenet/ontop/department> . ?T1 <http://valuenet/ontop/dept_name> ?T1_dept_name . ?T1 <http://valuenet/ontop/school_code> ?T1_school_code . } GROUP BY ?T1_school_code
How many sections does each course has?,"PREFIX : <http://valuenet/ontop/>
SELECT (count( *) as ?aggregation_all) ?T1_crs_code WHERE { ?T1 a :class . ?T1 :crs_code ?T1_crs_code . } GROUP BY ?T1_crs_code",SELECT (count( *) as ?aggregation_all) ?T1_crs_code WHERE { ?T1 a <http://valuenet/ontop/class> . ?T1 <http://valuenet/ontop/crs_code> ?T1_crs_code . } GROUP BY ?T1_crs_code
How many sections does each course have?,"PREFIX : <http://valuenet/ontop/>
SELECT (count( *) as ?aggregation_all) ?T1_crs_code WHERE { ?T1 a :class . ?T1 :crs_code ?T1_crs_code . } GROUP BY ?T1_crs_code",SELECT (count( *) as ?aggregation_all) ?T1_crs_code WHERE { ?T1 a <http://valuenet/ontop/class> . ?T1 <http://valuenet/ontop/crs_code> ?T1_crs_code . } GROUP BY ?T1_crs_code
What is the total credit does each department offer?,"PREFIX : <http://valuenet/ontop/>
SELECT (sum( ?T1_crs_credit) as ?aggregation_T1_crs_credit_114 ) ?T1_dept_code WHERE { ?T1 a :course . ?T1 :crs_credit ?T1_crs_credit . ?T1 :dept_code ?T1_dept_code . } GROUP BY ?T1_dept_code",SELECT (sum( ?T1_crs_credit) as ?aggregation_T1_crs_credit_114 ) ?T1_dept_code WHERE { ?T1 a <http://valuenet/ontop/course> . ?T1 <http://valuenet/ontop/crs_credit> ?T1_crs_credit . ?T1 <http://valuenet/ontop/dept_code> ?T1_dept_code . } GROUP BY ?T1_dept_code
How many credits does the department offer?,"PREFIX : <http://valuenet/ontop/>
SELECT (sum( ?T1_crs_credit) as ?aggregation_T1_crs_credit_141 ) ?T1_dept_code WHERE { ?T1 a :course . ?T1 :crs_credit ?T1_crs_credit . ?T1 :dept_code ?T1_dept_code . } GROUP BY ?T1_dept_code",SELECT (sum( ?T1_crs_credit) as ?aggregation_T1_crs_credit_141 ) ?T1_dept_code WHERE { ?T1 a <http://valuenet/ontop/course> . ?T1 <http://valuenet/ontop/crs_credit> ?T1_crs_credit . ?T1 <http://valuenet/ontop/dept_code> ?T1_dept_code . } GROUP BY ?T1_dept_code
Find the number of classes offered for all class rooms that held at least 2 classes.,"PREFIX : <http://valuenet/ontop/>
SELECT (count( *) as ?aggregation_all) ?T1_class_room WHERE { ?T1 a :class . ?T1 :class_room ?T1_class_room . } GROUP BY ?T1_class_room HAVING(count( *) >= 2)",SELECT (count( *) as ?aggregation_all) ?T1_class_room WHERE { ?T1 a <http://valuenet/ontop/class> . ?T1 <http://valuenet/ontop/class_room> ?T1_class_room . } GROUP BY ?T1_class_room HAVING(count( *) >= 2)
"For each classroom with at least 2 classes, how many classes are offered?","PREFIX : <http://valuenet/ontop/>
SELECT (count( *) as ?aggregation_all) ?T1_class_room WHERE { ?T1 a :class . ?T1 :class_room ?T1_class_room . } GROUP BY ?T1_class_room HAVING(count( *) >= 2)",SELECT (count( *) as ?aggregation_all) ?T1_class_room WHERE { ?T1 a <http://valuenet/ontop/class> . ?T1 <http://valuenet/ontop/class_room> ?T1_class_room . } GROUP BY ?T1_class_room HAVING(count( *) >= 2)
Find the number of classes in each department.,"PREFIX : <http://valuenet/ontop/>
SELECT (count( *) as ?aggregation_all) ?T2_dept_code WHERE { ?T1 a :class . ?T2 a :course . ?T1 :ref-crs_code ?T2 . ?T2 :dept_code ?T2_dept_code . } GROUP BY ?T2_dept_code",SELECT (count( *) as ?aggregation_all) ?T2_dept_code WHERE { ?T1 a <http://valuenet/ontop/class> . ?T2 a <http://valuenet/ontop/course> . ?T1 <http://valuenet/ontop/ref-crs_code> ?T2 . ?T2 <http://valuenet/ontop/dept_code> ?T2_dept_code . } GROUP BY ?T2_dept_code
How many classes are held in each department?,"PREFIX : <http://valuenet/ontop/>
SELECT (count( *) as ?aggregation_all) ?T2_dept_code WHERE { ?T1 a :class . ?T2 a :course . ?T1 :ref-crs_code ?T2 . ?T2 :dept_code ?T2_dept_code . } GROUP BY ?T2_dept_code",SELECT (count( *) as ?aggregation_all) ?T2_dept_code WHERE { ?T1 a <http://valuenet/ontop/class> . ?T2 a <http://valuenet/ontop/course> . ?T1 <http://valuenet/ontop/ref-crs_code> ?T2 . ?T2 <http://valuenet/ontop/dept_code> ?T2_dept_code . } GROUP BY ?T2_dept_code
Find the number of classes in each school.,"PREFIX : <http://valuenet/ontop/>
SELECT (count( *) as ?aggregation_all) ?T2_school_code WHERE { ?T13 a :employee . ?T2 a :department . ?T2 :ref-emp_num ?T13 . ?T2 :school_code ?T2_school_code . } GROUP BY ?T2_school_code",SELECT (count( *) as ?aggregation_all) ?T2_school_code WHERE { ?T13 a <http://valuenet/ontop/employee> . ?T2 a <http://valuenet/ontop/department> . ?T2 <http://valuenet/ontop/ref-emp_num> ?T13 . ?T2 <http://valuenet/ontop/school_code> ?T2_school_code . } GROUP BY ?T2_school_code
How many classes exist for each school?,"PREFIX : <http://valuenet/ontop/>
SELECT (count( *) as ?aggregation_all) ?T2_school_code WHERE { ?T13 a :employee . ?T2 a :department . ?T2 :ref-emp_num ?T13 . ?T2 :school_code ?T2_school_code . } GROUP BY ?T2_school_code",SELECT (count( *) as ?aggregation_all) ?T2_school_code WHERE { ?T13 a <http://valuenet/ontop/employee> . ?T2 a <http://valuenet/ontop/department> . ?T2 <http://valuenet/ontop/ref-emp_num> ?T13 . ?T2 <http://valuenet/ontop/school_code> ?T2_school_code . } GROUP BY ?T2_school_code
What is the number of professors for different school?,"PREFIX : <http://valuenet/ontop/>
SELECT (count( *) as ?aggregation_all) ?T2_school_code WHERE { ?T1 a :professor . ?T2 a :department . ?T1 :ref-dept_code ?T2 . ?T2 :school_code ?T2_school_code . } GROUP BY ?T2_school_code",SELECT (count( *) as ?aggregation_all) ?T2_school_code WHERE { ?T1 a <http://valuenet/ontop/professor> . ?T2 a <http://valuenet/ontop/department> . ?T1 <http://valuenet/ontop/ref-dept_code> ?T2 . ?T2 <http://valuenet/ontop/school_code> ?T2_school_code . } GROUP BY ?T2_school_code
How many different professors are there for the different schools?,"PREFIX : <http://valuenet/ontop/>
SELECT (count( *) as ?aggregation_all) ?T2_school_code WHERE { ?T1 a :professor . ?T2 a :department . ?T1 :ref-dept_code ?T2 . ?T2 :school_code ?T2_school_code . } GROUP BY ?T2_school_code",SELECT (count( *) as ?aggregation_all) ?T2_school_code WHERE { ?T1 a <http://valuenet/ontop/professor> . ?T2 a <http://valuenet/ontop/department> . ?T1 <http://valuenet/ontop/ref-dept_code> ?T2 . ?T2 <http://valuenet/ontop/school_code> ?T2_school_code . } GROUP BY ?T2_school_code
Which school has the smallest amount of professors?,"PREFIX : <http://valuenet/ontop/>
SELECT ?T1_school_code (count( *) as ?aggregation_all) WHERE { ?T1 a :department . ?T2 a :professor . ?T2 :ref-dept_code ?T1 . ?T1 :school_code ?T1_school_code . } GROUP BY ?T1_school_code ORDER BY ASC (?aggregation_all) LIMIT 1",SELECT ?T1_school_code (count( *) as ?aggregation_all) WHERE { ?T1 a <http://valuenet/ontop/department> . ?T2 a <http://valuenet/ontop/professor> . ?T2 <http://valuenet/ontop/ref-dept_code> ?T1 . ?T1 <http://valuenet/ontop/school_code> ?T1_school_code . } GROUP BY ?T1_school_code ORDER BY ASC (?aggregation_all) LIMIT 1
Which school has the fewest professors?,"PREFIX : <http://valuenet/ontop/>
SELECT ?T1_school_code (count( *) as ?aggregation_all) WHERE { ?T1 a :department . ?T2 a :professor . ?T2 :ref-dept_code ?T1 . ?T1 :school_code ?T1_school_code . } GROUP BY ?T1_school_code ORDER BY ASC (?aggregation_all) LIMIT 1",SELECT ?T1_school_code (count( *) as ?aggregation_all) WHERE { ?T1 a <http://valuenet/ontop/department> . ?T2 a <http://valuenet/ontop/professor> . ?T2 <http://valuenet/ontop/ref-dept_code> ?T1 . ?T1 <http://valuenet/ontop/school_code> ?T1_school_code . } GROUP BY ?T1_school_code ORDER BY ASC (?aggregation_all) LIMIT 1
Find the number of professors with a Ph.D. degree in each department.,"PREFIX : <http://valuenet/ontop/>
SELECT (count( *) as ?aggregation_all) ?T1_dept_code WHERE { ?T1 a :professor . ?T1 :dept_code ?T1_dept_code . ?T1 :prof_high_degree ?T1_prof_high_degree . FILTER(?T1_prof_high_degree = 'Ph.D.') . } GROUP BY ?T1_dept_code",SELECT (count( *) as ?aggregation_all) ?T1_dept_code WHERE { ?T1 a <http://valuenet/ontop/professor> . ?T1 <http://valuenet/ontop/dept_code> ?T1_dept_code . ?T1 <http://valuenet/ontop/prof_high_degree> ?T1_prof_high_degree . FILTER(?T1_prof_high_degree = 'Ph.D.') . } GROUP BY ?T1_dept_code
How many professors have a Ph.D. in each department?,"PREFIX : <http://valuenet/ontop/>
SELECT (count( *) as ?aggregation_all) ?T1_dept_code WHERE { ?T1 a :professor . ?T1 :dept_code ?T1_dept_code . ?T1 :prof_high_degree ?T1_prof_high_degree . FILTER(?T1_prof_high_degree = 'Ph.D.') . } GROUP BY ?T1_dept_code",SELECT (count( *) as ?aggregation_all) ?T1_dept_code WHERE { ?T1 a <http://valuenet/ontop/professor> . ?T1 <http://valuenet/ontop/dept_code> ?T1_dept_code . ?T1 <http://valuenet/ontop/prof_high_degree> ?T1_prof_high_degree . FILTER(?T1_prof_high_degree = 'Ph.D.') . } GROUP BY ?T1_dept_code
Find the number of students for each department.,"PREFIX : <http://valuenet/ontop/>
SELECT (count( *) as ?aggregation_all) ?T1_dept_code WHERE { ?T1 a :student . ?T1 :dept_code ?T1_dept_code . } GROUP BY ?T1_dept_code",SELECT (count( *) as ?aggregation_all) ?T1_dept_code WHERE { ?T1 a <http://valuenet/ontop/student> . ?T1 <http://valuenet/ontop/dept_code> ?T1_dept_code . } GROUP BY ?T1_dept_code
How many students are in each department?,"PREFIX : <http://valuenet/ontop/>
SELECT (count( *) as ?aggregation_all) ?T1_dept_code WHERE { ?T1 a :student . ?T1 :dept_code ?T1_dept_code . } GROUP BY ?T1_dept_code",SELECT (count( *) as ?aggregation_all) ?T1_dept_code WHERE { ?T1 a <http://valuenet/ontop/student> . ?T1 <http://valuenet/ontop/dept_code> ?T1_dept_code . } GROUP BY ?T1_dept_code
Find the total number of hours have done for all students in each department.,"PREFIX : <http://valuenet/ontop/>
SELECT (sum( ?T1_stu_hrs) as ?aggregation_T1_stu_hrs_105 ) ?T1_dept_code WHERE { ?T1 a :student . ?T1 :stu_hrs ?T1_stu_hrs . ?T1 :dept_code ?T1_dept_code . } GROUP BY ?T1_dept_code",SELECT (sum( ?T1_stu_hrs) as ?aggregation_T1_stu_hrs_105 ) ?T1_dept_code WHERE { ?T1 a <http://valuenet/ontop/student> . ?T1 <http://valuenet/ontop/stu_hrs> ?T1_stu_hrs . ?T1 <http://valuenet/ontop/dept_code> ?T1_dept_code . } GROUP BY ?T1_dept_code
How many hours do the students spend studying in each department?,"PREFIX : <http://valuenet/ontop/>
SELECT (sum( ?T1_stu_hrs) as ?aggregation_T1_stu_hrs_40 ) ?T1_dept_code WHERE { ?T1 a :student . ?T1 :stu_hrs ?T1_stu_hrs . ?T1 :dept_code ?T1_dept_code . } GROUP BY ?T1_dept_code",SELECT (sum( ?T1_stu_hrs) as ?aggregation_T1_stu_hrs_40 ) ?T1_dept_code WHERE { ?T1 a <http://valuenet/ontop/student> . ?T1 <http://valuenet/ontop/stu_hrs> ?T1_stu_hrs . ?T1 <http://valuenet/ontop/dept_code> ?T1_dept_code . } GROUP BY ?T1_dept_code
"Find the max, average, and minimum gpa of all students in each department.","PREFIX : <http://valuenet/ontop/>
SELECT (max( ?T1_stu_gpa) as ?aggregation_T1_stu_gpa_30 ) (avg( ?T1_stu_gpa) as ?aggregation_T1_stu_gpa_86 ) (min( ?T1_stu_gpa) as ?aggregation_T1_stu_gpa_5 ) ?T1_dept_code WHERE { ?T1 a :student . ?T1 :stu_gpa ?T1_stu_gpa . ?T1 :stu_gpa ?T1_stu_gpa . ?T1 :stu_gpa ?T1_stu_gpa . ?T1 :dept_code ?T1_dept_code . } GROUP BY ?T1_dept_code",SELECT (max( ?T1_stu_gpa) as ?aggregation_T1_stu_gpa_30 ) (avg( ?T1_stu_gpa) as ?aggregation_T1_stu_gpa_86 ) (min( ?T1_stu_gpa) as ?aggregation_T1_stu_gpa_5 ) ?T1_dept_code WHERE { ?T1 a <http://valuenet/ontop/student> . ?T1 <http://valuenet/ontop/stu_gpa> ?T1_stu_gpa . ?T1 <http://valuenet/ontop/stu_gpa> ?T1_stu_gpa . ?T1 <http://valuenet/ontop/stu_gpa> ?T1_stu_gpa . ?T1 <http://valuenet/ontop/dept_code> ?T1_dept_code . } GROUP BY ?T1_dept_code
"What is the highest, lowest, and average student GPA for every department?","PREFIX : <http://valuenet/ontop/>
SELECT (max( ?T1_stu_gpa) as ?aggregation_T1_stu_gpa_178 ) (avg( ?T1_stu_gpa) as ?aggregation_T1_stu_gpa_32 ) (min( ?T1_stu_gpa) as ?aggregation_T1_stu_gpa_123 ) ?T1_dept_code WHERE { ?T1 a :student . ?T1 :stu_gpa ?T1_stu_gpa . ?T1 :stu_gpa ?T1_stu_gpa . ?T1 :stu_gpa ?T1_stu_gpa . ?T1 :dept_code ?T1_dept_code . } GROUP BY ?T1_dept_code",SELECT (max( ?T1_stu_gpa) as ?aggregation_T1_stu_gpa_178 ) (avg( ?T1_stu_gpa) as ?aggregation_T1_stu_gpa_32 ) (min( ?T1_stu_gpa) as ?aggregation_T1_stu_gpa_123 ) ?T1_dept_code WHERE { ?T1 a <http://valuenet/ontop/student> . ?T1 <http://valuenet/ontop/stu_gpa> ?T1_stu_gpa . ?T1 <http://valuenet/ontop/stu_gpa> ?T1_stu_gpa . ?T1 <http://valuenet/ontop/stu_gpa> ?T1_stu_gpa . ?T1 <http://valuenet/ontop/dept_code> ?T1_dept_code . } GROUP BY ?T1_dept_code
how many schools exist in total?,"PREFIX : <http://valuenet/ontop/>
SELECT DISTINCT (count(DISTINCT ?T1_school_code) as ?aggregation_T1_school_code_72 ) WHERE { ?T1 a :department . ?T1 :school_code ?T1_school_code . }",SELECT DISTINCT (count(DISTINCT ?T1_school_code) as ?aggregation_T1_school_code_72 ) WHERE { ?T1 a <http://valuenet/ontop/department> . ?T1 <http://valuenet/ontop/school_code> ?T1_school_code . }
How many schools are there in the department?,"PREFIX : <http://valuenet/ontop/>
SELECT DISTINCT (count(DISTINCT ?T1_school_code) as ?aggregation_T1_school_code_5 ) WHERE { ?T1 a :department . ?T1 :school_code ?T1_school_code . }",SELECT DISTINCT (count(DISTINCT ?T1_school_code) as ?aggregation_T1_school_code_5 ) WHERE { ?T1 a <http://valuenet/ontop/department> . ?T1 <http://valuenet/ontop/school_code> ?T1_school_code . }
How many different classes are there?,"PREFIX : <http://valuenet/ontop/>
SELECT DISTINCT (count(DISTINCT ?T1_class_code) as ?aggregation_T1_class_code_106 ) WHERE { ?T1 a :class . ?T1 :class_code ?T1_class_code . }",SELECT DISTINCT (count(DISTINCT ?T1_class_code) as ?aggregation_T1_class_code_106 ) WHERE { ?T1 a <http://valuenet/ontop/class> . ?T1 <http://valuenet/ontop/class_code> ?T1_class_code . }
How many unique classes are offered?,"PREFIX : <http://valuenet/ontop/>
SELECT DISTINCT (count(DISTINCT ?T1_class_code) as ?aggregation_T1_class_code_147 ) WHERE { ?T1 a :class . ?T1 :class_code ?T1_class_code . }",SELECT DISTINCT (count(DISTINCT ?T1_class_code) as ?aggregation_T1_class_code_147 ) WHERE { ?T1 a <http://valuenet/ontop/class> . ?T1 <http://valuenet/ontop/class_code> ?T1_class_code . }
How many courses are offered?,"PREFIX : <http://valuenet/ontop/>
SELECT DISTINCT (count(DISTINCT ?T1_crs_code) as ?aggregation_T1_crs_code_115 ) WHERE { ?T1 a :class . ?T1 :crs_code ?T1_crs_code . }",SELECT DISTINCT (count(DISTINCT ?T1_crs_code) as ?aggregation_T1_crs_code_115 ) WHERE { ?T1 a <http://valuenet/ontop/class> . ?T1 <http://valuenet/ontop/crs_code> ?T1_crs_code . }
What are the number of different course codes?,"PREFIX : <http://valuenet/ontop/>
SELECT DISTINCT (count(DISTINCT ?T1_crs_code) as ?aggregation_T1_crs_code_85 ) WHERE { ?T1 a :class . ?T1 :crs_code ?T1_crs_code . }",SELECT DISTINCT (count(DISTINCT ?T1_crs_code) as ?aggregation_T1_crs_code_85 ) WHERE { ?T1 a <http://valuenet/ontop/class> . ?T1 <http://valuenet/ontop/crs_code> ?T1_crs_code . }
How many departments does the college has?,"PREFIX : <http://valuenet/ontop/>
SELECT DISTINCT (count(DISTINCT ?T1_dept_name) as ?aggregation_T1_dept_name_165 ) WHERE { ?T1 a :department . ?T1 :dept_name ?T1_dept_name . }",SELECT DISTINCT (count(DISTINCT ?T1_dept_name) as ?aggregation_T1_dept_name_165 ) WHERE { ?T1 a <http://valuenet/ontop/department> . ?T1 <http://valuenet/ontop/dept_name> ?T1_dept_name . }
How many different departments are there?,"PREFIX : <http://valuenet/ontop/>
SELECT DISTINCT (count(DISTINCT ?T1_dept_name) as ?aggregation_T1_dept_name_39 ) WHERE { ?T1 a :department . ?T1 :dept_name ?T1_dept_name . }",SELECT DISTINCT (count(DISTINCT ?T1_dept_name) as ?aggregation_T1_dept_name_39 ) WHERE { ?T1 a <http://valuenet/ontop/department> . ?T1 <http://valuenet/ontop/dept_name> ?T1_dept_name . }
How many courses are offered by the Computer Info. Systems department?,"PREFIX : <http://valuenet/ontop/>
SELECT (count( *) as ?aggregation_all) WHERE { ?T1 a :course . ?T2 a :department . ?T1 :ref-dept_code ?T2 . ?T2 :dept_name ?T2_dept_name . FILTER(?T2_dept_name = 'Computer Info. Systems') . }",SELECT (count( *) as ?aggregation_all) WHERE { ?T1 a <http://valuenet/ontop/course> . ?T2 a <http://valuenet/ontop/department> . ?T1 <http://valuenet/ontop/ref-dept_code> ?T2 . ?T2 <http://valuenet/ontop/dept_name> ?T2_dept_name . FILTER(?T2_dept_name = 'Computer Info. Systems') . }
How many courses does the department of Computer Information Systmes offer?,"PREFIX : <http://valuenet/ontop/>
SELECT (count( *) as ?aggregation_all) WHERE { ?T1 a :course . ?T2 a :department . ?T1 :ref-dept_code ?T2 . ?T2 :dept_name ?T2_dept_name . FILTER(?T2_dept_name = 'Computer Info. Systems') . }",SELECT (count( *) as ?aggregation_all) WHERE { ?T1 a <http://valuenet/ontop/course> . ?T2 a <http://valuenet/ontop/department> . ?T1 <http://valuenet/ontop/ref-dept_code> ?T2 . ?T2 <http://valuenet/ontop/dept_name> ?T2_dept_name . FILTER(?T2_dept_name = 'Computer Info. Systems') . }
How many sections does course ACCT-211 has?,"PREFIX : <http://valuenet/ontop/>
SELECT DISTINCT (count(DISTINCT ?T1_class_section) as ?aggregation_T1_class_section_138 ) WHERE { ?T1 a :class . ?T1 :class_section ?T1_class_section . ?T1 :crs_code ?T1_crs_code . FILTER(?T1_crs_code = 'ACCT-211') . }",SELECT DISTINCT (count(DISTINCT ?T1_class_section) as ?aggregation_T1_class_section_138 ) WHERE { ?T1 a <http://valuenet/ontop/class> . ?T1 <http://valuenet/ontop/class_section> ?T1_class_section . ?T1 <http://valuenet/ontop/crs_code> ?T1_crs_code . FILTER(?T1_crs_code = 'ACCT-211') . }
What is the number of different class sections offered in the course ACCT-211?,"PREFIX : <http://valuenet/ontop/>
SELECT DISTINCT (count(DISTINCT ?T1_class_section) as ?aggregation_T1_class_section_116 ) WHERE { ?T1 a :class . ?T1 :class_section ?T1_class_section . ?T1 :crs_code ?T1_crs_code . FILTER(?T1_crs_code = 'ACCT-211') . }",SELECT DISTINCT (count(DISTINCT ?T1_class_section) as ?aggregation_T1_class_section_116 ) WHERE { ?T1 a <http://valuenet/ontop/class> . ?T1 <http://valuenet/ontop/class_section> ?T1_class_section . ?T1 <http://valuenet/ontop/crs_code> ?T1_crs_code . FILTER(?T1_crs_code = 'ACCT-211') . }
Find the total credits of all classes offered by each department.,"PREFIX : <http://valuenet/ontop/>
SELECT (sum( ?T1_crs_credit) as ?aggregation_T1_crs_credit_130 ) ?T1_dept_code WHERE { ?T1 a :course . ?T1 :crs_credit ?T1_crs_credit . ?T1 :dept_code ?T1_dept_code . } GROUP BY ?T1_dept_code",SELECT (sum( ?T1_crs_credit) as ?aggregation_T1_crs_credit_130 ) ?T1_dept_code WHERE { ?T1 a <http://valuenet/ontop/course> . ?T1 <http://valuenet/ontop/crs_credit> ?T1_crs_credit . ?T1 <http://valuenet/ontop/dept_code> ?T1_dept_code . } GROUP BY ?T1_dept_code
What are the total number of credits offered by each department?,"PREFIX : <http://valuenet/ontop/>
SELECT (sum( ?T1_crs_credit) as ?aggregation_T1_crs_credit_194 ) ?T1_dept_code WHERE { ?T1 a :course . ?T1 :crs_credit ?T1_crs_credit . ?T1 :dept_code ?T1_dept_code . } GROUP BY ?T1_dept_code",SELECT (sum( ?T1_crs_credit) as ?aggregation_T1_crs_credit_194 ) ?T1_dept_code WHERE { ?T1 a <http://valuenet/ontop/course> . ?T1 <http://valuenet/ontop/crs_credit> ?T1_crs_credit . ?T1 <http://valuenet/ontop/dept_code> ?T1_dept_code . } GROUP BY ?T1_dept_code
Find the name of the department that offers the largest number of credits of all classes.,"PREFIX : <http://valuenet/ontop/>
SELECT ?T1_dept_name WHERE { ?T1 a :department . ?T2 a :course . ?T2 :ref-dept_code ?T1 . ?T1 :dept_name ?T1_dept_name . ?T2 :crs_credit ?T2_crs_credit . } GROUP BY ?T1_dept_name ORDER BY DESC (sum( ?T2_crs_credit)) LIMIT 1",SELECT ?T1_dept_name WHERE { ?T1 a <http://valuenet/ontop/department> . ?T2 a <http://valuenet/ontop/course> . ?T2 <http://valuenet/ontop/ref-dept_code> ?T1 . ?T1 <http://valuenet/ontop/dept_name> ?T1_dept_name . ?T2 <http://valuenet/ontop/crs_credit> ?T2_crs_credit . } GROUP BY ?T1_dept_name ORDER BY DESC (sum( ?T2_crs_credit)) LIMIT 1
Which department offers the most credits all together?,"PREFIX : <http://valuenet/ontop/>
SELECT ?T1_dept_name WHERE { ?T1 a :department . ?T2 a :course . ?T2 :ref-dept_code ?T1 . ?T1 :dept_name ?T1_dept_name . ?T2 :crs_credit ?T2_crs_credit . } GROUP BY ?T1_dept_name ORDER BY DESC (sum( ?T2_crs_credit)) LIMIT 1",SELECT ?T1_dept_name WHERE { ?T1 a <http://valuenet/ontop/department> . ?T2 a <http://valuenet/ontop/course> . ?T2 <http://valuenet/ontop/ref-dept_code> ?T1 . ?T1 <http://valuenet/ontop/dept_name> ?T1_dept_name . ?T2 <http://valuenet/ontop/crs_credit> ?T2_crs_credit . } GROUP BY ?T1_dept_name ORDER BY DESC (sum( ?T2_crs_credit)) LIMIT 1
How many students enrolled in class ACCT-211?,"PREFIX : <http://valuenet/ontop/>
SELECT (count( *) as ?aggregation_all) WHERE { ?T1 a :enroll . ?T2 a :class . ?T1 :ref-class_code ?T2 . ?T2 :crs_code ?T2_crs_code . FILTER(?T2_crs_code = 'ACCT-211') . }",SELECT (count( *) as ?aggregation_all) WHERE { ?T1 a <http://valuenet/ontop/enroll> . ?T2 a <http://valuenet/ontop/class> . ?T1 <http://valuenet/ontop/ref-class_code> ?T2 . ?T2 <http://valuenet/ontop/crs_code> ?T2_crs_code . FILTER(?T2_crs_code = 'ACCT-211') . }
What are the total number of students enrolled in ACCT-211?,"PREFIX : <http://valuenet/ontop/>
SELECT (count( *) as ?aggregation_all) WHERE { ?T1 a :enroll . ?T2 a :class . ?T1 :ref-class_code ?T2 . ?T2 :crs_code ?T2_crs_code . FILTER(?T2_crs_code = 'ACCT-211') . }",SELECT (count( *) as ?aggregation_all) WHERE { ?T1 a <http://valuenet/ontop/enroll> . ?T2 a <http://valuenet/ontop/class> . ?T1 <http://valuenet/ontop/ref-class_code> ?T2 . ?T2 <http://valuenet/ontop/crs_code> ?T2_crs_code . FILTER(?T2_crs_code = 'ACCT-211') . }
What is the first name of each student enrolled in class ACCT-211?,"PREFIX : <http://valuenet/ontop/>
SELECT ?T1_stu_fname WHERE { ?T1 a :student . ?T13 a :enroll . ?T13 :ref-stu_num ?T1 . ?T1 :stu_fname ?T1_stu_fname . ?T2 :crs_code ?T2_crs_code . ?T2 a :class . ?T13 :ref-class_code ?T2 . ?T1 :stu_fname ?T1_stu_fname . ?T2 :crs_code ?T2_crs_code . FILTER(?T2_crs_code = 'ACCT-211') . }",SELECT ?T1_stu_fname WHERE { ?T1 a <http://valuenet/ontop/student> . ?T13 a <http://valuenet/ontop/enroll> . ?T13 <http://valuenet/ontop/ref-stu_num> ?T1 . ?T1 <http://valuenet/ontop/stu_fname> ?T1_stu_fname . ?T2 <http://valuenet/ontop/crs_code> ?T2_crs_code . ?T2 a <http://valuenet/ontop/class> . ?T13 <http://valuenet/ontop/ref-class_code> ?T2 . ?T1 <http://valuenet/ontop/stu_fname> ?T1_stu_fname . ?T2 <http://valuenet/ontop/crs_code> ?T2_crs_code . FILTER(?T2_crs_code = 'ACCT-211') . }
What are the first names of all students in course ACCT-211?,"PREFIX : <http://valuenet/ontop/>
SELECT ?T1_stu_fname WHERE { ?T1 a :student . ?T13 a :enroll . ?T13 :ref-stu_num ?T1 . ?T1 :stu_fname ?T1_stu_fname . ?T2 :crs_code ?T2_crs_code . ?T2 a :class . ?T13 :ref-class_code ?T2 . ?T1 :stu_fname ?T1_stu_fname . ?T2 :crs_code ?T2_crs_code . FILTER(?T2_crs_code = 'ACCT-211') . }",SELECT ?T1_stu_fname WHERE { ?T1 a <http://valuenet/ontop/student> . ?T13 a <http://valuenet/ontop/enroll> . ?T13 <http://valuenet/ontop/ref-stu_num> ?T1 . ?T1 <http://valuenet/ontop/stu_fname> ?T1_stu_fname . ?T2 <http://valuenet/ontop/crs_code> ?T2_crs_code . ?T2 a <http://valuenet/ontop/class> . ?T13 <http://valuenet/ontop/ref-class_code> ?T2 . ?T1 <http://valuenet/ontop/stu_fname> ?T1_stu_fname . ?T2 <http://valuenet/ontop/crs_code> ?T2_crs_code . FILTER(?T2_crs_code = 'ACCT-211') . }
What is the first name of students enrolled in class ACCT-211 and got grade C?,"PREFIX : <http://valuenet/ontop/>
SELECT ?T1_stu_fname WHERE { ?T1 a :student . ?T3 a :enroll . ?T3 :ref-stu_num ?T1 . ?T1 :stu_fname ?T1_stu_fname . ?T2 :crs_code ?T2_crs_code . ?T3 :enroll_grade ?T3_enroll_grade . ?T2 a :class . ?T3 :ref-class_code ?T2 . ?T1 :stu_fname ?T1_stu_fname . ?T2 :crs_code ?T2_crs_code . ?T3 :enroll_grade ?T3_enroll_grade . FILTER(?T2_crs_code = 'ACCT-211' && ?T3_enroll_grade = 'C') . }",SELECT ?T1_stu_fname WHERE { ?T1 a <http://valuenet/ontop/student> . ?T3 a <http://valuenet/ontop/enroll> . ?T3 <http://valuenet/ontop/ref-stu_num> ?T1 . ?T1 <http://valuenet/ontop/stu_fname> ?T1_stu_fname . ?T2 <http://valuenet/ontop/crs_code> ?T2_crs_code . ?T3 <http://valuenet/ontop/enroll_grade> ?T3_enroll_grade . ?T2 a <http://valuenet/ontop/class> . ?T3 <http://valuenet/ontop/ref-class_code> ?T2 . ?T1 <http://valuenet/ontop/stu_fname> ?T1_stu_fname . ?T2 <http://valuenet/ontop/crs_code> ?T2_crs_code . ?T3 <http://valuenet/ontop/enroll_grade> ?T3_enroll_grade . FILTER(?T2_crs_code = 'ACCT-211' && ?T3_enroll_grade = 'C') . }
What are the first names of all students who took ACCT-211 and received a C?,"PREFIX : <http://valuenet/ontop/>
SELECT ?T1_stu_fname WHERE { ?T1 a :student . ?T3 a :enroll . ?T3 :ref-stu_num ?T1 . ?T1 :stu_fname ?T1_stu_fname . ?T2 :crs_code ?T2_crs_code . ?T3 :enroll_grade ?T3_enroll_grade . ?T2 a :class . ?T3 :ref-class_code ?T2 . ?T1 :stu_fname ?T1_stu_fname . ?T2 :crs_code ?T2_crs_code . ?T3 :enroll_grade ?T3_enroll_grade . FILTER(?T2_crs_code = 'ACCT-211' && ?T3_enroll_grade = 'C') . }",SELECT ?T1_stu_fname WHERE { ?T1 a <http://valuenet/ontop/student> . ?T3 a <http://valuenet/ontop/enroll> . ?T3 <http://valuenet/ontop/ref-stu_num> ?T1 . ?T1 <http://valuenet/ontop/stu_fname> ?T1_stu_fname . ?T2 <http://valuenet/ontop/crs_code> ?T2_crs_code . ?T3 <http://valuenet/ontop/enroll_grade> ?T3_enroll_grade . ?T2 a <http://valuenet/ontop/class> . ?T3 <http://valuenet/ontop/ref-class_code> ?T2 . ?T1 <http://valuenet/ontop/stu_fname> ?T1_stu_fname . ?T2 <http://valuenet/ontop/crs_code> ?T2_crs_code . ?T3 <http://valuenet/ontop/enroll_grade> ?T3_enroll_grade . FILTER(?T2_crs_code = 'ACCT-211' && ?T3_enroll_grade = 'C') . }
Find the total number of employees.,"PREFIX : <http://valuenet/ontop/>
SELECT (count( *) as ?aggregation_all) WHERE { ?T1 a :employee . }",SELECT (count( *) as ?aggregation_all) WHERE { ?T1 a <http://valuenet/ontop/employee> . }
How many employees are there all together?,"PREFIX : <http://valuenet/ontop/>
SELECT (count( *) as ?aggregation_all) WHERE { ?T1 a :employee . }",SELECT (count( *) as ?aggregation_all) WHERE { ?T1 a <http://valuenet/ontop/employee> . }
How many professors do have a Ph.D. degree?,"PREFIX : <http://valuenet/ontop/>
SELECT (count( *) as ?aggregation_all) WHERE { ?T1 a :professor . ?T1 :prof_high_degree ?T1_prof_high_degree . FILTER(?T1_prof_high_degree = 'Ph.D.') . }",SELECT (count( *) as ?aggregation_all) WHERE { ?T1 a <http://valuenet/ontop/professor> . ?T1 <http://valuenet/ontop/prof_high_degree> ?T1_prof_high_degree . FILTER(?T1_prof_high_degree = 'Ph.D.') . }
What is the total number of professors with a Ph.D. ?,"PREFIX : <http://valuenet/ontop/>
SELECT (count( *) as ?aggregation_all) WHERE { ?T1 a :professor . ?T1 :prof_high_degree ?T1_prof_high_degree . FILTER(?T1_prof_high_degree = 'Ph.D.') . }",SELECT (count( *) as ?aggregation_all) WHERE { ?T1 a <http://valuenet/ontop/professor> . ?T1 <http://valuenet/ontop/prof_high_degree> ?T1_prof_high_degree . FILTER(?T1_prof_high_degree = 'Ph.D.') . }
How many students are enrolled in the class taught by some professor from the accounting department?,"PREFIX : <http://valuenet/ontop/>
SELECT (count( *) as ?aggregation_all) WHERE { ?T13 a :employee . ?T2 a :department . ?T2 :ref-emp_num ?T13 . ?T2 :dept_name ?T2_dept_name . FILTER(?T2_dept_name = 'Accounting') . }",SELECT (count( *) as ?aggregation_all) WHERE { ?T13 a <http://valuenet/ontop/employee> . ?T2 a <http://valuenet/ontop/department> . ?T2 <http://valuenet/ontop/ref-emp_num> ?T13 . ?T2 <http://valuenet/ontop/dept_name> ?T2_dept_name . FILTER(?T2_dept_name = 'Accounting') . }
How many students are enrolled in some classes that are taught by an accounting professor?,"PREFIX : <http://valuenet/ontop/>
SELECT (count( *) as ?aggregation_all) WHERE { ?T13 a :employee . ?T2 a :department . ?T2 :ref-emp_num ?T13 . ?T2 :dept_name ?T2_dept_name . FILTER(?T2_dept_name = 'Accounting') . }",SELECT (count( *) as ?aggregation_all) WHERE { ?T13 a <http://valuenet/ontop/employee> . ?T2 a <http://valuenet/ontop/department> . ?T2 <http://valuenet/ontop/ref-emp_num> ?T13 . ?T2 <http://valuenet/ontop/dept_name> ?T2_dept_name . FILTER(?T2_dept_name = 'Accounting') . }
What is the name of the department that has the largest number of students enrolled?,"PREFIX : <http://valuenet/ontop/>
SELECT ?T1_dept_name (count( *) as ?aggregation_all) WHERE { ?T1 a :department . ?T13 a :employee . ?T1 :ref-emp_num ?T13 . ?T1 :dept_name ?T1_dept_name . } GROUP BY ?T1_dept_name ORDER BY DESC (?aggregation_all) LIMIT 1",SELECT ?T1_dept_name (count( *) as ?aggregation_all) WHERE { ?T1 a <http://valuenet/ontop/department> . ?T13 a <http://valuenet/ontop/employee> . ?T1 <http://valuenet/ontop/ref-emp_num> ?T13 . ?T1 <http://valuenet/ontop/dept_name> ?T1_dept_name . } GROUP BY ?T1_dept_name ORDER BY DESC (?aggregation_all) LIMIT 1
What is the name of the department with the most students enrolled?,"PREFIX : <http://valuenet/ontop/>
SELECT ?T1_dept_name (count( *) as ?aggregation_all) WHERE { ?T1 a :department . ?T13 a :employee . ?T1 :ref-emp_num ?T13 . ?T1 :dept_name ?T1_dept_name . } GROUP BY ?T1_dept_name ORDER BY DESC (?aggregation_all) LIMIT 1",SELECT ?T1_dept_name (count( *) as ?aggregation_all) WHERE { ?T1 a <http://valuenet/ontop/department> . ?T13 a <http://valuenet/ontop/employee> . ?T1 <http://valuenet/ontop/ref-emp_num> ?T13 . ?T1 <http://valuenet/ontop/dept_name> ?T1_dept_name . } GROUP BY ?T1_dept_name ORDER BY DESC (?aggregation_all) LIMIT 1
list names of all departments ordered by their names.,"PREFIX : <http://valuenet/ontop/>
SELECT ?T1_dept_name WHERE { ?T1 a :department . ?T1 :dept_name ?T1_dept_name . ?T1 :dept_name ?T1_dept_name . } ORDER BY ASC (?T1_dept_name)",SELECT ?T1_dept_name WHERE { ?T1 a <http://valuenet/ontop/department> . ?T1 <http://valuenet/ontop/dept_name> ?T1_dept_name . ?T1 <http://valuenet/ontop/dept_name> ?T1_dept_name . } ORDER BY ASC (?T1_dept_name)
What are the names of all departments in alphabetical order?,"PREFIX : <http://valuenet/ontop/>
SELECT ?T1_dept_name WHERE { ?T1 a :department . ?T1 :dept_name ?T1_dept_name . ?T1 :dept_name ?T1_dept_name . } ORDER BY ASC (?T1_dept_name)",SELECT ?T1_dept_name WHERE { ?T1 a <http://valuenet/ontop/department> . ?T1 <http://valuenet/ontop/dept_name> ?T1_dept_name . ?T1 <http://valuenet/ontop/dept_name> ?T1_dept_name . } ORDER BY ASC (?T1_dept_name)
List the codes of all courses that take place in room KLR209.,"PREFIX : <http://valuenet/ontop/>
SELECT ?T1_class_code WHERE { ?T1 a :class . ?T1 :class_code ?T1_class_code . ?T1 :class_room ?T1_class_room . FILTER(?T1_class_room = 'KLR209') . }",SELECT ?T1_class_code WHERE { ?T1 a <http://valuenet/ontop/class> . ?T1 <http://valuenet/ontop/class_code> ?T1_class_code . ?T1 <http://valuenet/ontop/class_room> ?T1_class_room . FILTER(?T1_class_room = 'KLR209') . }
What are the codes of all the courses that are located in room KLR209?,"PREFIX : <http://valuenet/ontop/>
SELECT ?T1_class_code WHERE { ?T1 a :class . ?T1 :class_code ?T1_class_code . ?T1 :class_room ?T1_class_room . FILTER(?T1_class_room = 'KLR209') . }",SELECT ?T1_class_code WHERE { ?T1 a <http://valuenet/ontop/class> . ?T1 <http://valuenet/ontop/class_code> ?T1_class_code . ?T1 <http://valuenet/ontop/class_room> ?T1_class_room . FILTER(?T1_class_room = 'KLR209') . }
List the first name of all employees with job code PROF ordered by their date of birth.,"PREFIX : <http://valuenet/ontop/>
SELECT ?T1_emp_fname WHERE { ?T1 a :employee . ?T1 :emp_fname ?T1_emp_fname . ?T1 :emp_dob ?T1_emp_dob . ?T1 :emp_jobcode ?T1_emp_jobcode . FILTER(?T1_emp_jobcode = 'PROF') . } ORDER BY ASC (?T1_emp_dob)",SELECT ?T1_emp_fname WHERE { ?T1 a <http://valuenet/ontop/employee> . ?T1 <http://valuenet/ontop/emp_fname> ?T1_emp_fname . ?T1 <http://valuenet/ontop/emp_dob> ?T1_emp_dob . ?T1 <http://valuenet/ontop/emp_jobcode> ?T1_emp_jobcode . FILTER(?T1_emp_jobcode = 'PROF') . } ORDER BY ASC (?T1_emp_dob)
What are the first names of all employees that are professors ordered by date of birth?,"PREFIX : <http://valuenet/ontop/>
SELECT ?T1_emp_fname WHERE { ?T1 a :employee . ?T1 :emp_fname ?T1_emp_fname . ?T1 :emp_dob ?T1_emp_dob . ?T1 :emp_jobcode ?T1_emp_jobcode . FILTER(?T1_emp_jobcode = 'PROF') . } ORDER BY ASC (?T1_emp_dob)",SELECT ?T1_emp_fname WHERE { ?T1 a <http://valuenet/ontop/employee> . ?T1 <http://valuenet/ontop/emp_fname> ?T1_emp_fname . ?T1 <http://valuenet/ontop/emp_dob> ?T1_emp_dob . ?T1 <http://valuenet/ontop/emp_jobcode> ?T1_emp_jobcode . FILTER(?T1_emp_jobcode = 'PROF') . } ORDER BY ASC (?T1_emp_dob)
Find the first names and offices of all professors sorted by alphabetical order of their first name.,"PREFIX : <http://valuenet/ontop/>
SELECT ?T1_emp_fname ?T2_prof_office WHERE { ?T1 a :employee . ?T2 a :professor . ?T2 :ref-emp_num ?T1 . ?T1 :emp_fname ?T1_emp_fname . ?T2 :prof_office ?T2_prof_office . ?T1 :emp_fname ?T1_emp_fname . } ORDER BY ASC (?T1_emp_fname)",SELECT ?T1_emp_fname ?T2_prof_office WHERE { ?T1 a <http://valuenet/ontop/employee> . ?T2 a <http://valuenet/ontop/professor> . ?T2 <http://valuenet/ontop/ref-emp_num> ?T1 . ?T1 <http://valuenet/ontop/emp_fname> ?T1_emp_fname . ?T2 <http://valuenet/ontop/prof_office> ?T2_prof_office . ?T1 <http://valuenet/ontop/emp_fname> ?T1_emp_fname . } ORDER BY ASC (?T1_emp_fname)
What are the first names and office locations for all professors sorted alphabetically by first name?,"PREFIX : <http://valuenet/ontop/>
SELECT ?T1_emp_fname ?T2_prof_office WHERE { ?T1 a :employee . ?T2 a :professor . ?T2 :ref-emp_num ?T1 . ?T1 :emp_fname ?T1_emp_fname . ?T2 :prof_office ?T2_prof_office . ?T1 :emp_fname ?T1_emp_fname . } ORDER BY ASC (?T1_emp_fname)",SELECT ?T1_emp_fname ?T2_prof_office WHERE { ?T1 a <http://valuenet/ontop/employee> . ?T2 a <http://valuenet/ontop/professor> . ?T2 <http://valuenet/ontop/ref-emp_num> ?T1 . ?T1 <http://valuenet/ontop/emp_fname> ?T1_emp_fname . ?T2 <http://valuenet/ontop/prof_office> ?T2_prof_office . ?T1 <http://valuenet/ontop/emp_fname> ?T1_emp_fname . } ORDER BY ASC (?T1_emp_fname)
What is the first and last name of the oldest employee?,"PREFIX : <http://valuenet/ontop/>
SELECT ?T1_emp_fname ?T1_emp_lname WHERE { ?T1 a :employee . ?T1 :emp_fname ?T1_emp_fname . ?T1 :emp_lname ?T1_emp_lname . ?T1 :emp_dob ?T1_emp_dob . } ORDER BY ASC (?T1_emp_dob) LIMIT 1",SELECT ?T1_emp_fname ?T1_emp_lname WHERE { ?T1 a <http://valuenet/ontop/employee> . ?T1 <http://valuenet/ontop/emp_fname> ?T1_emp_fname . ?T1 <http://valuenet/ontop/emp_lname> ?T1_emp_lname . ?T1 <http://valuenet/ontop/emp_dob> ?T1_emp_dob . } ORDER BY ASC (?T1_emp_dob) LIMIT 1
What are the first and last names of the employee with the earliest date of birth?,"PREFIX : <http://valuenet/ontop/>
SELECT ?T1_emp_fname ?T1_emp_lname WHERE { ?T1 a :employee . ?T1 :emp_fname ?T1_emp_fname . ?T1 :emp_lname ?T1_emp_lname . ?T1 :emp_dob ?T1_emp_dob . } ORDER BY ASC (?T1_emp_dob) LIMIT 1",SELECT ?T1_emp_fname ?T1_emp_lname WHERE { ?T1 a <http://valuenet/ontop/employee> . ?T1 <http://valuenet/ontop/emp_fname> ?T1_emp_fname . ?T1 <http://valuenet/ontop/emp_lname> ?T1_emp_lname . ?T1 <http://valuenet/ontop/emp_dob> ?T1_emp_dob . } ORDER BY ASC (?T1_emp_dob) LIMIT 1
"What is the first, last name, gpa of the youngest one among students whose GPA is above 3?","PREFIX : <http://valuenet/ontop/>
SELECT ?T1_stu_fname ?T1_stu_lname ?T1_stu_gpa WHERE { ?T1 a :student . ?T1 :stu_fname ?T1_stu_fname . ?T1 :stu_lname ?T1_stu_lname . ?T1 :stu_gpa ?T1_stu_gpa . ?T1 :stu_dob ?T1_stu_dob . ?T1 :stu_gpa ?T1_stu_gpa . FILTER(?T1_stu_gpa > 3) . } ORDER BY DESC (?T1_stu_dob) LIMIT 1",SELECT ?T1_stu_fname ?T1_stu_lname ?T1_stu_gpa WHERE { ?T1 a <http://valuenet/ontop/student> . ?T1 <http://valuenet/ontop/stu_fname> ?T1_stu_fname . ?T1 <http://valuenet/ontop/stu_lname> ?T1_stu_lname . ?T1 <http://valuenet/ontop/stu_gpa> ?T1_stu_gpa . ?T1 <http://valuenet/ontop/stu_dob> ?T1_stu_dob . ?T1 <http://valuenet/ontop/stu_gpa> ?T1_stu_gpa . FILTER(?T1_stu_gpa > 3) . } ORDER BY DESC (?T1_stu_dob) LIMIT 1
"What is the first and last name of the youngest student with a GPA above 3, and what is their GPA?","PREFIX : <http://valuenet/ontop/>
SELECT ?T1_stu_fname ?T1_stu_lname ?T1_stu_gpa WHERE { ?T1 a :student . ?T1 :stu_fname ?T1_stu_fname . ?T1 :stu_lname ?T1_stu_lname . ?T1 :stu_gpa ?T1_stu_gpa . ?T1 :stu_dob ?T1_stu_dob . ?T1 :stu_gpa ?T1_stu_gpa . FILTER(?T1_stu_gpa > 3) . } ORDER BY DESC (?T1_stu_dob) LIMIT 1",SELECT ?T1_stu_fname ?T1_stu_lname ?T1_stu_gpa WHERE { ?T1 a <http://valuenet/ontop/student> . ?T1 <http://valuenet/ontop/stu_fname> ?T1_stu_fname . ?T1 <http://valuenet/ontop/stu_lname> ?T1_stu_lname . ?T1 <http://valuenet/ontop/stu_gpa> ?T1_stu_gpa . ?T1 <http://valuenet/ontop/stu_dob> ?T1_stu_dob . ?T1 <http://valuenet/ontop/stu_gpa> ?T1_stu_gpa . FILTER(?T1_stu_gpa > 3) . } ORDER BY DESC (?T1_stu_dob) LIMIT 1
What is the first name of students who got grade C in any class?,"PREFIX : <http://valuenet/ontop/>
SELECT DISTINCT ?T1_stu_fname WHERE { ?T1 a :student . ?T2 a :enroll . ?T2 :ref-stu_num ?T1 . ?T1 :stu_fname ?T1_stu_fname . ?T2 :enroll_grade ?T2_enroll_grade . FILTER(?T2_enroll_grade = 'C') . }",SELECT DISTINCT ?T1_stu_fname WHERE { ?T1 a <http://valuenet/ontop/student> . ?T2 a <http://valuenet/ontop/enroll> . ?T2 <http://valuenet/ontop/ref-stu_num> ?T1 . ?T1 <http://valuenet/ontop/stu_fname> ?T1_stu_fname . ?T2 <http://valuenet/ontop/enroll_grade> ?T2_enroll_grade . FILTER(?T2_enroll_grade = 'C') . }
What are the first names of all students who got a grade C in a class?,"PREFIX : <http://valuenet/ontop/>
SELECT DISTINCT ?T1_stu_fname WHERE { ?T1 a :student . ?T2 a :enroll . ?T2 :ref-stu_num ?T1 . ?T1 :stu_fname ?T1_stu_fname . ?T2 :enroll_grade ?T2_enroll_grade . FILTER(?T2_enroll_grade = 'C') . }",SELECT DISTINCT ?T1_stu_fname WHERE { ?T1 a <http://valuenet/ontop/student> . ?T2 a <http://valuenet/ontop/enroll> . ?T2 <http://valuenet/ontop/ref-stu_num> ?T1 . ?T1 <http://valuenet/ontop/stu_fname> ?T1_stu_fname . ?T2 <http://valuenet/ontop/enroll_grade> ?T2_enroll_grade . FILTER(?T2_enroll_grade = 'C') . }
What is the name of department where has the smallest number of professors?,"PREFIX : <http://valuenet/ontop/>
SELECT ?T1_dept_name (count( *) as ?aggregation_all) WHERE { ?T1 a :department . ?T2 a :professor . ?T2 :ref-dept_code ?T1 . ?T1 :dept_name ?T1_dept_name . } GROUP BY ?T1_dept_name ORDER BY ASC (?aggregation_all) LIMIT 1",SELECT ?T1_dept_name (count( *) as ?aggregation_all) WHERE { ?T1 a <http://valuenet/ontop/department> . ?T2 a <http://valuenet/ontop/professor> . ?T2 <http://valuenet/ontop/ref-dept_code> ?T1 . ?T1 <http://valuenet/ontop/dept_name> ?T1_dept_name . } GROUP BY ?T1_dept_name ORDER BY ASC (?aggregation_all) LIMIT 1
What is the name of the department with the fewest professors?,"PREFIX : <http://valuenet/ontop/>
SELECT ?T1_dept_name (count( *) as ?aggregation_all) WHERE { ?T1 a :department . ?T2 a :professor . ?T2 :ref-dept_code ?T1 . ?T1 :dept_name ?T1_dept_name . } GROUP BY ?T1_dept_name ORDER BY ASC (?aggregation_all) LIMIT 1",SELECT ?T1_dept_name (count( *) as ?aggregation_all) WHERE { ?T1 a <http://valuenet/ontop/department> . ?T2 a <http://valuenet/ontop/professor> . ?T2 <http://valuenet/ontop/ref-dept_code> ?T1 . ?T1 <http://valuenet/ontop/dept_name> ?T1_dept_name . } GROUP BY ?T1_dept_name ORDER BY ASC (?aggregation_all) LIMIT 1
What is the name of department where has the largest number of professors with a Ph.D. degree?,"PREFIX : <http://valuenet/ontop/>
SELECT ?T1_dept_name (count( *) as ?aggregation_all) ?T2_dept_code WHERE { ?T1 a :department . ?T2 a :professor . ?T2 :ref-dept_code ?T1 . ?T1 :dept_name ?T1_dept_name . ?T2 :dept_code ?T2_dept_code . ?T2 :prof_high_degree ?T2_prof_high_degree . FILTER(?T2_prof_high_degree = 'Ph.D.') . } GROUP BY ?T1_dept_name ?T2_dept_code ORDER BY DESC (?aggregation_all) LIMIT 1",SELECT ?T1_dept_name (count( *) as ?aggregation_all) ?T2_dept_code WHERE { ?T1 a <http://valuenet/ontop/department> . ?T2 a <http://valuenet/ontop/professor> . ?T2 <http://valuenet/ontop/ref-dept_code> ?T1 . ?T1 <http://valuenet/ontop/dept_name> ?T1_dept_name . ?T2 <http://valuenet/ontop/dept_code> ?T2_dept_code . ?T2 <http://valuenet/ontop/prof_high_degree> ?T2_prof_high_degree . FILTER(?T2_prof_high_degree = 'Ph.D.') . } GROUP BY ?T1_dept_name ?T2_dept_code ORDER BY DESC (?aggregation_all) LIMIT 1
Which department has the most professors with a Ph.D.?,"PREFIX : <http://valuenet/ontop/>
SELECT ?T1_dept_name (count( *) as ?aggregation_all) ?T2_dept_code WHERE { ?T1 a :department . ?T2 a :professor . ?T2 :ref-dept_code ?T1 . ?T1 :dept_name ?T1_dept_name . ?T2 :dept_code ?T2_dept_code . ?T2 :prof_high_degree ?T2_prof_high_degree . FILTER(?T2_prof_high_degree = 'Ph.D.') . } GROUP BY ?T1_dept_name ?T2_dept_code ORDER BY DESC (?aggregation_all) LIMIT 1",SELECT ?T1_dept_name (count( *) as ?aggregation_all) ?T2_dept_code WHERE { ?T1 a <http://valuenet/ontop/department> . ?T2 a <http://valuenet/ontop/professor> . ?T2 <http://valuenet/ontop/ref-dept_code> ?T1 . ?T1 <http://valuenet/ontop/dept_name> ?T1_dept_name . ?T2 <http://valuenet/ontop/dept_code> ?T2_dept_code . ?T2 <http://valuenet/ontop/prof_high_degree> ?T2_prof_high_degree . FILTER(?T2_prof_high_degree = 'Ph.D.') . } GROUP BY ?T1_dept_name ?T2_dept_code ORDER BY DESC (?aggregation_all) LIMIT 1
What are the first names of the professors who do not teach a class.,"PREFIX : <http://valuenet/ontop/>
SELECT distinct?col1 WHERE { { SELECT (?T1_emp_fname as ?col1) WHERE { ?T1 a :employee . ?T1 :emp_fname ?T1_emp_fname . ?T1 :emp_jobcode ?T1_emp_jobcode . FILTER(?T1_emp_jobcode = 'PROF') . }} MINUS {SELECT (?T2_emp_fname as ?col1) WHERE { ?T2 a :employee . ?T2 :emp_fname ?T2_emp_fname . } } }",SELECT distinct?col1 WHERE { { SELECT (?T1_emp_fname as ?col1) WHERE { ?T1 a <http://valuenet/ontop/employee> . ?T1 <http://valuenet/ontop/emp_fname> ?T1_emp_fname . ?T1 <http://valuenet/ontop/emp_jobcode> ?T1_emp_jobcode . FILTER(?T1_emp_jobcode = 'PROF') . }} MINUS {SELECT (?T2_emp_fname as ?col1) WHERE { ?T2 a <http://valuenet/ontop/employee> . ?T2 <http://valuenet/ontop/emp_fname> ?T2_emp_fname . } } }
What are the first names of all professors not teaching any classes?,"PREFIX : <http://valuenet/ontop/>
SELECT distinct?col1 WHERE { { SELECT (?T1_emp_fname as ?col1) WHERE { ?T1 a :employee . ?T1 :emp_fname ?T1_emp_fname . ?T1 :emp_jobcode ?T1_emp_jobcode . FILTER(?T1_emp_jobcode = 'PROF') . }} MINUS {SELECT (?T2_emp_fname as ?col1) WHERE { ?T2 a :employee . ?T2 :emp_fname ?T2_emp_fname . } } }",SELECT distinct?col1 WHERE { { SELECT (?T1_emp_fname as ?col1) WHERE { ?T1 a <http://valuenet/ontop/employee> . ?T1 <http://valuenet/ontop/emp_fname> ?T1_emp_fname . ?T1 <http://valuenet/ontop/emp_jobcode> ?T1_emp_jobcode . FILTER(?T1_emp_jobcode = 'PROF') . }} MINUS {SELECT (?T2_emp_fname as ?col1) WHERE { ?T2 a <http://valuenet/ontop/employee> . ?T2 <http://valuenet/ontop/emp_fname> ?T2_emp_fname . } } }
What is the first names of the professors from the history department who do not teach a class.,"PREFIX : <http://valuenet/ontop/>
SELECT distinct?col1 WHERE { { SELECT (?T1_emp_fname as ?col1) WHERE { ?T1 a :employee . ?T2 a :department . ?T2 :ref-emp_num ?T1 . ?T1 :emp_fname ?T1_emp_fname . ?T2 :dept_name ?T2_dept_name . FILTER(?T2_dept_name = 'History') . }} MINUS {SELECT (?T3_emp_fname as ?col1) WHERE { ?T3 a :employee . ?T3 :emp_fname ?T3_emp_fname . } } }",SELECT distinct?col1 WHERE { { SELECT (?T1_emp_fname as ?col1) WHERE { ?T1 a <http://valuenet/ontop/employee> . ?T2 a <http://valuenet/ontop/department> . ?T2 <http://valuenet/ontop/ref-emp_num> ?T1 . ?T1 <http://valuenet/ontop/emp_fname> ?T1_emp_fname . ?T2 <http://valuenet/ontop/dept_name> ?T2_dept_name . FILTER(?T2_dept_name = 'History') . }} MINUS {SELECT (?T3_emp_fname as ?col1) WHERE { ?T3 a <http://valuenet/ontop/employee> . ?T3 <http://valuenet/ontop/emp_fname> ?T3_emp_fname . } } }
What are the first names of all history professors who do not teach?,"PREFIX : <http://valuenet/ontop/>
SELECT distinct?col1 WHERE { { SELECT (?T1_emp_fname as ?col1) WHERE { ?T1 a :employee . ?T2 a :department . ?T2 :ref-emp_num ?T1 . ?T1 :emp_fname ?T1_emp_fname . ?T2 :dept_name ?T2_dept_name . FILTER(?T2_dept_name = 'History') . }} MINUS {SELECT (?T3_emp_fname as ?col1) WHERE { ?T3 a :employee . ?T3 :emp_fname ?T3_emp_fname . } } }",SELECT distinct?col1 WHERE { { SELECT (?T1_emp_fname as ?col1) WHERE { ?T1 a <http://valuenet/ontop/employee> . ?T2 a <http://valuenet/ontop/department> . ?T2 <http://valuenet/ontop/ref-emp_num> ?T1 . ?T1 <http://valuenet/ontop/emp_fname> ?T1_emp_fname . ?T2 <http://valuenet/ontop/dept_name> ?T2_dept_name . FILTER(?T2_dept_name = 'History') . }} MINUS {SELECT (?T3_emp_fname as ?col1) WHERE { ?T3 a <http://valuenet/ontop/employee> . ?T3 <http://valuenet/ontop/emp_fname> ?T3_emp_fname . } } }
What is the last name and office of the professor from the history department?,"PREFIX : <http://valuenet/ontop/>
SELECT ?T1_emp_lname ?T2_prof_office WHERE { ?T1 a :employee . ?T2 a :professor . ?T2 :ref-emp_num ?T1 . ?T1 :emp_lname ?T1_emp_lname . ?T2 :prof_office ?T2_prof_office . ?T3 :dept_name ?T3_dept_name . ?T3 a :department . ?T2 :ref-dept_code ?T3 . ?T1 :emp_lname ?T1_emp_lname . ?T2 :prof_office ?T2_prof_office . ?T3 :dept_name ?T3_dept_name . FILTER(?T3_dept_name = 'History') . }",SELECT ?T1_emp_lname ?T2_prof_office WHERE { ?T1 a <http://valuenet/ontop/employee> . ?T2 a <http://valuenet/ontop/professor> . ?T2 <http://valuenet/ontop/ref-emp_num> ?T1 . ?T1 <http://valuenet/ontop/emp_lname> ?T1_emp_lname . ?T2 <http://valuenet/ontop/prof_office> ?T2_prof_office . ?T3 <http://valuenet/ontop/dept_name> ?T3_dept_name . ?T3 a <http://valuenet/ontop/department> . ?T2 <http://valuenet/ontop/ref-dept_code> ?T3 . ?T1 <http://valuenet/ontop/emp_lname> ?T1_emp_lname . ?T2 <http://valuenet/ontop/prof_office> ?T2_prof_office . ?T3 <http://valuenet/ontop/dept_name> ?T3_dept_name . FILTER(?T3_dept_name = 'History') . }
What are the last name and office of all history professors?,"PREFIX : <http://valuenet/ontop/>
SELECT ?T1_emp_lname ?T2_prof_office WHERE { ?T1 a :employee . ?T2 a :professor . ?T2 :ref-emp_num ?T1 . ?T1 :emp_lname ?T1_emp_lname . ?T2 :prof_office ?T2_prof_office . ?T3 :dept_name ?T3_dept_name . ?T3 a :department . ?T2 :ref-dept_code ?T3 . ?T1 :emp_lname ?T1_emp_lname . ?T2 :prof_office ?T2_prof_office . ?T3 :dept_name ?T3_dept_name . FILTER(?T3_dept_name = 'History') . }",SELECT ?T1_emp_lname ?T2_prof_office WHERE { ?T1 a <http://valuenet/ontop/employee> . ?T2 a <http://valuenet/ontop/professor> . ?T2 <http://valuenet/ontop/ref-emp_num> ?T1 . ?T1 <http://valuenet/ontop/emp_lname> ?T1_emp_lname . ?T2 <http://valuenet/ontop/prof_office> ?T2_prof_office . ?T3 <http://valuenet/ontop/dept_name> ?T3_dept_name . ?T3 a <http://valuenet/ontop/department> . ?T2 <http://valuenet/ontop/ref-dept_code> ?T3 . ?T1 <http://valuenet/ontop/emp_lname> ?T1_emp_lname . ?T2 <http://valuenet/ontop/prof_office> ?T2_prof_office . ?T3 <http://valuenet/ontop/dept_name> ?T3_dept_name . FILTER(?T3_dept_name = 'History') . }
What is department name and office for the professor whose last name is Heffington?,"PREFIX : <http://valuenet/ontop/>
SELECT ?T1_dept_name ?T2_prof_office WHERE { ?T1 a :department . ?T2 a :professor . ?T2 :ref-dept_code ?T1 . ?T1 :dept_name ?T1_dept_name . ?T2 :prof_office ?T2_prof_office . ?T3 :emp_lname ?T3_emp_lname . ?T3 a :employee . ?T2 :ref-emp_num ?T3 . ?T1 :dept_name ?T1_dept_name . ?T2 :prof_office ?T2_prof_office . ?T3 :emp_lname ?T3_emp_lname . FILTER(?T3_emp_lname = 'Heffington') . }",SELECT ?T1_dept_name ?T2_prof_office WHERE { ?T1 a <http://valuenet/ontop/department> . ?T2 a <http://valuenet/ontop/professor> . ?T2 <http://valuenet/ontop/ref-dept_code> ?T1 . ?T1 <http://valuenet/ontop/dept_name> ?T1_dept_name . ?T2 <http://valuenet/ontop/prof_office> ?T2_prof_office . ?T3 <http://valuenet/ontop/emp_lname> ?T3_emp_lname . ?T3 a <http://valuenet/ontop/employee> . ?T2 <http://valuenet/ontop/ref-emp_num> ?T3 . ?T1 <http://valuenet/ontop/dept_name> ?T1_dept_name . ?T2 <http://valuenet/ontop/prof_office> ?T2_prof_office . ?T3 <http://valuenet/ontop/emp_lname> ?T3_emp_lname . FILTER(?T3_emp_lname = 'Heffington') . }
What is the name of the department and office location for the professor with the last name of Heffington?,"PREFIX : <http://valuenet/ontop/>
SELECT ?T1_dept_name ?T2_prof_office WHERE { ?T1 a :department . ?T2 a :professor . ?T2 :ref-dept_code ?T1 . ?T1 :dept_name ?T1_dept_name . ?T2 :prof_office ?T2_prof_office . ?T3 :emp_lname ?T3_emp_lname . ?T3 a :employee . ?T2 :ref-emp_num ?T3 . ?T1 :dept_name ?T1_dept_name . ?T2 :prof_office ?T2_prof_office . ?T3 :emp_lname ?T3_emp_lname . FILTER(?T3_emp_lname = 'Heffington') . }",SELECT ?T1_dept_name ?T2_prof_office WHERE { ?T1 a <http://valuenet/ontop/department> . ?T2 a <http://valuenet/ontop/professor> . ?T2 <http://valuenet/ontop/ref-dept_code> ?T1 . ?T1 <http://valuenet/ontop/dept_name> ?T1_dept_name . ?T2 <http://valuenet/ontop/prof_office> ?T2_prof_office . ?T3 <http://valuenet/ontop/emp_lname> ?T3_emp_lname . ?T3 a <http://valuenet/ontop/employee> . ?T2 <http://valuenet/ontop/ref-emp_num> ?T3 . ?T1 <http://valuenet/ontop/dept_name> ?T1_dept_name . ?T2 <http://valuenet/ontop/prof_office> ?T2_prof_office . ?T3 <http://valuenet/ontop/emp_lname> ?T3_emp_lname . FILTER(?T3_emp_lname = 'Heffington') . }
Find the last name and hire date of the professor who is in office DRE 102.,"PREFIX : <http://valuenet/ontop/>
SELECT ?T1_emp_lname ?T1_emp_hiredate WHERE { ?T1 a :employee . ?T2 a :professor . ?T2 :ref-emp_num ?T1 . ?T1 :emp_lname ?T1_emp_lname . ?T1 :emp_hiredate ?T1_emp_hiredate . ?T2 :prof_office ?T2_prof_office . FILTER(?T2_prof_office = 'DRE 102') . }",SELECT ?T1_emp_lname ?T1_emp_hiredate WHERE { ?T1 a <http://valuenet/ontop/employee> . ?T2 a <http://valuenet/ontop/professor> . ?T2 <http://valuenet/ontop/ref-emp_num> ?T1 . ?T1 <http://valuenet/ontop/emp_lname> ?T1_emp_lname . ?T1 <http://valuenet/ontop/emp_hiredate> ?T1_emp_hiredate . ?T2 <http://valuenet/ontop/prof_office> ?T2_prof_office . FILTER(?T2_prof_office = 'DRE 102') . }
"What is the last name of the professor whose office is located in DRE 102, and when were they hired?","PREFIX : <http://valuenet/ontop/>
SELECT ?T1_emp_lname ?T1_emp_hiredate WHERE { ?T1 a :employee . ?T2 a :professor . ?T2 :ref-emp_num ?T1 . ?T1 :emp_lname ?T1_emp_lname . ?T1 :emp_hiredate ?T1_emp_hiredate . ?T2 :prof_office ?T2_prof_office . FILTER(?T2_prof_office = 'DRE 102') . }",SELECT ?T1_emp_lname ?T1_emp_hiredate WHERE { ?T1 a <http://valuenet/ontop/employee> . ?T2 a <http://valuenet/ontop/professor> . ?T2 <http://valuenet/ontop/ref-emp_num> ?T1 . ?T1 <http://valuenet/ontop/emp_lname> ?T1_emp_lname . ?T1 <http://valuenet/ontop/emp_hiredate> ?T1_emp_hiredate . ?T2 <http://valuenet/ontop/prof_office> ?T2_prof_office . FILTER(?T2_prof_office = 'DRE 102') . }
What is the code of the course which the student whose last name is Smithson took?,"PREFIX : <http://valuenet/ontop/>
SELECT ?T1_crs_code WHERE { ?T1 a :class . ?T13 a :enroll . ?T13 :ref-class_code ?T1 . ?T1 :crs_code ?T1_crs_code . ?T2 :stu_lname ?T2_stu_lname . ?T2 a :student . ?T13 :ref-stu_num ?T2 . ?T1 :crs_code ?T1_crs_code . ?T2 :stu_lname ?T2_stu_lname . FILTER(?T2_stu_lname = 'Smithson') . }",SELECT ?T1_crs_code WHERE { ?T1 a <http://valuenet/ontop/class> . ?T13 a <http://valuenet/ontop/enroll> . ?T13 <http://valuenet/ontop/ref-class_code> ?T1 . ?T1 <http://valuenet/ontop/crs_code> ?T1_crs_code . ?T2 <http://valuenet/ontop/stu_lname> ?T2_stu_lname . ?T2 a <http://valuenet/ontop/student> . ?T13 <http://valuenet/ontop/ref-stu_num> ?T2 . ?T1 <http://valuenet/ontop/crs_code> ?T1_crs_code . ?T2 <http://valuenet/ontop/stu_lname> ?T2_stu_lname . FILTER(?T2_stu_lname = 'Smithson') . }
What are the course codes for every class that the student with the last name Smithson took?,"PREFIX : <http://valuenet/ontop/>
SELECT ?T1_crs_code WHERE { ?T1 a :class . ?T13 a :enroll . ?T13 :ref-class_code ?T1 . ?T1 :crs_code ?T1_crs_code . ?T2 :stu_lname ?T2_stu_lname . ?T2 a :student . ?T13 :ref-stu_num ?T2 . ?T1 :crs_code ?T1_crs_code . ?T2 :stu_lname ?T2_stu_lname . FILTER(?T2_stu_lname = 'Smithson') . }",SELECT ?T1_crs_code WHERE { ?T1 a <http://valuenet/ontop/class> . ?T13 a <http://valuenet/ontop/enroll> . ?T13 <http://valuenet/ontop/ref-class_code> ?T1 . ?T1 <http://valuenet/ontop/crs_code> ?T1_crs_code . ?T2 <http://valuenet/ontop/stu_lname> ?T2_stu_lname . ?T2 a <http://valuenet/ontop/student> . ?T13 <http://valuenet/ontop/ref-stu_num> ?T2 . ?T1 <http://valuenet/ontop/crs_code> ?T1_crs_code . ?T2 <http://valuenet/ontop/stu_lname> ?T2_stu_lname . FILTER(?T2_stu_lname = 'Smithson') . }
How many professors who has a either Ph.D. or MA degree?,"PREFIX : <http://valuenet/ontop/>
SELECT (count( *) as ?aggregation_all) WHERE { ?T1 a :professor . ?T1 :prof_high_degree ?T1_prof_high_degree . ?T1 :prof_high_degree ?T1_prof_high_degree . FILTER(?T1_prof_high_degree = 'Ph.D.' || ?T1_prof_high_degree = 'MA') . }",SELECT (count( *) as ?aggregation_all) WHERE { ?T1 a <http://valuenet/ontop/professor> . ?T1 <http://valuenet/ontop/prof_high_degree> ?T1_prof_high_degree . ?T1 <http://valuenet/ontop/prof_high_degree> ?T1_prof_high_degree . FILTER(?T1_prof_high_degree = 'Ph.D.' || ?T1_prof_high_degree = 'MA') . }
How many professors attained either Ph.D. or Masters degrees?,"PREFIX : <http://valuenet/ontop/>
SELECT (count( *) as ?aggregation_all) WHERE { ?T1 a :professor . ?T1 :prof_high_degree ?T1_prof_high_degree . ?T1 :prof_high_degree ?T1_prof_high_degree . FILTER(?T1_prof_high_degree = 'Ph.D.' || ?T1_prof_high_degree = 'MA') . }",SELECT (count( *) as ?aggregation_all) WHERE { ?T1 a <http://valuenet/ontop/professor> . ?T1 <http://valuenet/ontop/prof_high_degree> ?T1_prof_high_degree . ?T1 <http://valuenet/ontop/prof_high_degree> ?T1_prof_high_degree . FILTER(?T1_prof_high_degree = 'Ph.D.' || ?T1_prof_high_degree = 'MA') . }
How many professors who are from either Accounting or Biology department?,"PREFIX : <http://valuenet/ontop/>
SELECT (count( *) as ?aggregation_all) WHERE { ?T1 a :professor . ?T2 a :department . ?T1 :ref-dept_code ?T2 . ?T2 :dept_name ?T2_dept_name . ?T2 :dept_name ?T2_dept_name . FILTER(?T2_dept_name = 'Accounting' || ?T2_dept_name = 'Biology') . }",SELECT (count( *) as ?aggregation_all) WHERE { ?T1 a <http://valuenet/ontop/professor> . ?T2 a <http://valuenet/ontop/department> . ?T1 <http://valuenet/ontop/ref-dept_code> ?T2 . ?T2 <http://valuenet/ontop/dept_name> ?T2_dept_name . ?T2 <http://valuenet/ontop/dept_name> ?T2_dept_name . FILTER(?T2_dept_name = 'Accounting' || ?T2_dept_name = 'Biology') . }
What is the number of professors who are in the Accounting or Biology departments?,"PREFIX : <http://valuenet/ontop/>
SELECT (count( *) as ?aggregation_all) WHERE { ?T1 a :professor . ?T2 a :department . ?T1 :ref-dept_code ?T2 . ?T2 :dept_name ?T2_dept_name . ?T2 :dept_name ?T2_dept_name . FILTER(?T2_dept_name = 'Accounting' || ?T2_dept_name = 'Biology') . }",SELECT (count( *) as ?aggregation_all) WHERE { ?T1 a <http://valuenet/ontop/professor> . ?T2 a <http://valuenet/ontop/department> . ?T1 <http://valuenet/ontop/ref-dept_code> ?T2 . ?T2 <http://valuenet/ontop/dept_name> ?T2_dept_name . ?T2 <http://valuenet/ontop/dept_name> ?T2_dept_name . FILTER(?T2_dept_name = 'Accounting' || ?T2_dept_name = 'Biology') . }
Find the first name of the professor who is teaching two courses with code CIS-220 and QM-261.,"PREFIX : <http://valuenet/ontop/>
SELECT DISTINCT ?T1_emp_fname WHERE { ?T1 a :employee . ?T2 a :class . ?T2 :ref-prof_num ?T1 . ?T1 :emp_fname ?T1_emp_fname . ?T2 :crs_code ?T2_crs_code . FILTER(?T2_crs_code = 'CIS-220') . FILTER (?T1_emp_fname in (?T3_emp_fname)) . ?T3 a :employee . ?T4 a :class . ?T4 :ref-prof_num ?T3 . ?T3 :emp_fname ?T3_emp_fname . ?T4 :crs_code ?T4_crs_code . FILTER(?T4_crs_code = 'QM-261') . }",SELECT DISTINCT ?T1_emp_fname WHERE { ?T1 a <http://valuenet/ontop/employee> . ?T2 a <http://valuenet/ontop/class> . ?T2 <http://valuenet/ontop/ref-prof_num> ?T1 . ?T1 <http://valuenet/ontop/emp_fname> ?T1_emp_fname . ?T2 <http://valuenet/ontop/crs_code> ?T2_crs_code . FILTER(?T2_crs_code = 'CIS-220') . FILTER (?T1_emp_fname in (?T3_emp_fname)) . ?T3 a <http://valuenet/ontop/employee> . ?T4 a <http://valuenet/ontop/class> . ?T4 <http://valuenet/ontop/ref-prof_num> ?T3 . ?T3 <http://valuenet/ontop/emp_fname> ?T3_emp_fname . ?T4 <http://valuenet/ontop/crs_code> ?T4_crs_code . FILTER(?T4_crs_code = 'QM-261') . }
What is the first name of the professor who is teaching CIS-220 and QM-261?,"PREFIX : <http://valuenet/ontop/>
SELECT DISTINCT ?T1_emp_fname WHERE { ?T1 a :employee . ?T2 a :class . ?T2 :ref-prof_num ?T1 . ?T1 :emp_fname ?T1_emp_fname . ?T2 :crs_code ?T2_crs_code . FILTER(?T2_crs_code = 'CIS-220') . FILTER (?T1_emp_fname in (?T3_emp_fname)) . ?T3 a :employee . ?T4 a :class . ?T4 :ref-prof_num ?T3 . ?T3 :emp_fname ?T3_emp_fname . ?T4 :crs_code ?T4_crs_code . FILTER(?T4_crs_code = 'QM-261') . }",SELECT DISTINCT ?T1_emp_fname WHERE { ?T1 a <http://valuenet/ontop/employee> . ?T2 a <http://valuenet/ontop/class> . ?T2 <http://valuenet/ontop/ref-prof_num> ?T1 . ?T1 <http://valuenet/ontop/emp_fname> ?T1_emp_fname . ?T2 <http://valuenet/ontop/crs_code> ?T2_crs_code . FILTER(?T2_crs_code = 'CIS-220') . FILTER (?T1_emp_fname in (?T3_emp_fname)) . ?T3 a <http://valuenet/ontop/employee> . ?T4 a <http://valuenet/ontop/class> . ?T4 <http://valuenet/ontop/ref-prof_num> ?T3 . ?T3 <http://valuenet/ontop/emp_fname> ?T3_emp_fname . ?T4 <http://valuenet/ontop/crs_code> ?T4_crs_code . FILTER(?T4_crs_code = 'QM-261') . }
What is the average gpa of the students enrolled in the course with code ACCT-211?,"PREFIX : <http://valuenet/ontop/>
SELECT (avg( ?T1_stu_gpa) as ?aggregation_T1_stu_gpa_38 ) WHERE { ?T1 a :student . ?T13 a :enroll . ?T13 :ref-stu_num ?T1 . ?T1 :stu_gpa ?T1_stu_gpa . ?T2 :crs_code ?T2_crs_code . ?T2 a :class . ?T13 :ref-class_code ?T2 . ?T1 :stu_gpa ?T1_stu_gpa . ?T2 :crs_code ?T2_crs_code . FILTER(?T2_crs_code = 'ACCT-211') . }",SELECT (avg( ?T1_stu_gpa) as ?aggregation_T1_stu_gpa_38 ) WHERE { ?T1 a <http://valuenet/ontop/student> . ?T13 a <http://valuenet/ontop/enroll> . ?T13 <http://valuenet/ontop/ref-stu_num> ?T1 . ?T1 <http://valuenet/ontop/stu_gpa> ?T1_stu_gpa . ?T2 <http://valuenet/ontop/crs_code> ?T2_crs_code . ?T2 a <http://valuenet/ontop/class> . ?T13 <http://valuenet/ontop/ref-class_code> ?T2 . ?T1 <http://valuenet/ontop/stu_gpa> ?T1_stu_gpa . ?T2 <http://valuenet/ontop/crs_code> ?T2_crs_code . FILTER(?T2_crs_code = 'ACCT-211') . }
What is the average GPA of students taking ACCT-211?,"PREFIX : <http://valuenet/ontop/>
SELECT (avg( ?T1_stu_gpa) as ?aggregation_T1_stu_gpa_130 ) WHERE { ?T1 a :student . ?T13 a :enroll . ?T13 :ref-stu_num ?T1 . ?T1 :stu_gpa ?T1_stu_gpa . ?T2 :crs_code ?T2_crs_code . ?T2 a :class . ?T13 :ref-class_code ?T2 . ?T1 :stu_gpa ?T1_stu_gpa . ?T2 :crs_code ?T2_crs_code . FILTER(?T2_crs_code = 'ACCT-211') . }",SELECT (avg( ?T1_stu_gpa) as ?aggregation_T1_stu_gpa_130 ) WHERE { ?T1 a <http://valuenet/ontop/student> . ?T13 a <http://valuenet/ontop/enroll> . ?T13 <http://valuenet/ontop/ref-stu_num> ?T1 . ?T1 <http://valuenet/ontop/stu_gpa> ?T1_stu_gpa . ?T2 <http://valuenet/ontop/crs_code> ?T2_crs_code . ?T2 a <http://valuenet/ontop/class> . ?T13 <http://valuenet/ontop/ref-class_code> ?T2 . ?T1 <http://valuenet/ontop/stu_gpa> ?T1_stu_gpa . ?T2 <http://valuenet/ontop/crs_code> ?T2_crs_code . FILTER(?T2_crs_code = 'ACCT-211') . }
"What is the first name, gpa and phone number of the top 5 students with highest gpa?","PREFIX : <http://valuenet/ontop/>
SELECT ?T1_stu_gpa ?T1_stu_phone ?T1_stu_fname WHERE { ?T1 a :student . ?T1 :stu_gpa ?T1_stu_gpa . ?T1 :stu_phone ?T1_stu_phone . ?T1 :stu_fname ?T1_stu_fname . ?T1 :stu_gpa ?T1_stu_gpa . } ORDER BY DESC (?T1_stu_gpa) LIMIT 1",SELECT ?T1_stu_gpa ?T1_stu_phone ?T1_stu_fname WHERE { ?T1 a <http://valuenet/ontop/student> . ?T1 <http://valuenet/ontop/stu_gpa> ?T1_stu_gpa . ?T1 <http://valuenet/ontop/stu_phone> ?T1_stu_phone . ?T1 <http://valuenet/ontop/stu_fname> ?T1_stu_fname . ?T1 <http://valuenet/ontop/stu_gpa> ?T1_stu_gpa . } ORDER BY DESC (?T1_stu_gpa) LIMIT 1
"What is the first name, GPA, and phone number of the students with the top 5 GPAs?","PREFIX : <http://valuenet/ontop/>
SELECT ?T1_stu_gpa ?T1_stu_phone ?T1_stu_fname WHERE { ?T1 a :student . ?T1 :stu_gpa ?T1_stu_gpa . ?T1 :stu_phone ?T1_stu_phone . ?T1 :stu_fname ?T1_stu_fname . ?T1 :stu_gpa ?T1_stu_gpa . } ORDER BY DESC (?T1_stu_gpa) LIMIT 1",SELECT ?T1_stu_gpa ?T1_stu_phone ?T1_stu_fname WHERE { ?T1 a <http://valuenet/ontop/student> . ?T1 <http://valuenet/ontop/stu_gpa> ?T1_stu_gpa . ?T1 <http://valuenet/ontop/stu_phone> ?T1_stu_phone . ?T1 <http://valuenet/ontop/stu_fname> ?T1_stu_fname . ?T1 <http://valuenet/ontop/stu_gpa> ?T1_stu_gpa . } ORDER BY DESC (?T1_stu_gpa) LIMIT 1
Find the first name and gpa of the students whose gpa is lower than the average gpa of all students.,"PREFIX : <http://valuenet/ontop/>
SELECT ?T1_stu_fname ?T1_stu_gpa WHERE { ?T1 a :student . ?T1 :stu_fname ?T1_stu_fname . ?T1 :stu_gpa ?T1_stu_gpa . ?T1 :stu_gpa ?T1_stu_gpa . FILTER(?T1_stu_gpa < (?aggregation_T22_stu_gpa_95)) . {SELECT (avg( ?T22_stu_gpa) as ?aggregation_T22_stu_gpa_95 ) WHERE { ?T22 a :student . ?T22 :stu_gpa ?T22_stu_gpa . } } }",SELECT ?T1_stu_fname ?T1_stu_gpa WHERE { ?T1 a <http://valuenet/ontop/student> . ?T1 <http://valuenet/ontop/stu_fname> ?T1_stu_fname . ?T1 <http://valuenet/ontop/stu_gpa> ?T1_stu_gpa . ?T1 <http://valuenet/ontop/stu_gpa> ?T1_stu_gpa . FILTER(?T1_stu_gpa < (?aggregation_T22_stu_gpa_95)) . {SELECT (avg( ?T22_stu_gpa) as ?aggregation_T22_stu_gpa_95 ) WHERE { ?T22 a <http://valuenet/ontop/student> . ?T22 <http://valuenet/ontop/stu_gpa> ?T22_stu_gpa . } } }
What is the first name and GPA of every student that has a GPA lower than average?,"PREFIX : <http://valuenet/ontop/>
SELECT ?T1_stu_fname ?T1_stu_gpa WHERE { ?T1 a :student . ?T1 :stu_fname ?T1_stu_fname . ?T1 :stu_gpa ?T1_stu_gpa . ?T1 :stu_gpa ?T1_stu_gpa . FILTER(?T1_stu_gpa < (?aggregation_T22_stu_gpa_4)) . {SELECT (avg( ?T22_stu_gpa) as ?aggregation_T22_stu_gpa_4 ) WHERE { ?T22 a :student . ?T22 :stu_gpa ?T22_stu_gpa . } } }",SELECT ?T1_stu_fname ?T1_stu_gpa WHERE { ?T1 a <http://valuenet/ontop/student> . ?T1 <http://valuenet/ontop/stu_fname> ?T1_stu_fname . ?T1 <http://valuenet/ontop/stu_gpa> ?T1_stu_gpa . ?T1 <http://valuenet/ontop/stu_gpa> ?T1_stu_gpa . FILTER(?T1_stu_gpa < (?aggregation_T22_stu_gpa_4)) . {SELECT (avg( ?T22_stu_gpa) as ?aggregation_T22_stu_gpa_4 ) WHERE { ?T22 a <http://valuenet/ontop/student> . ?T22 <http://valuenet/ontop/stu_gpa> ?T22_stu_gpa . } } }
Find the first name and office of the professor who is in the history department and has a Ph.D. degree.,"PREFIX : <http://valuenet/ontop/>
SELECT ?T1_emp_fname ?T2_prof_office WHERE { ?T1 a :employee . ?T2 a :professor . ?T2 :ref-emp_num ?T1 . ?T1 :emp_fname ?T1_emp_fname . ?T2 :prof_office ?T2_prof_office . ?T3 :dept_name ?T3_dept_name . ?T2 :prof_high_degree ?T2_prof_high_degree . ?T3 a :department . ?T2 :ref-dept_code ?T3 . ?T1 :emp_fname ?T1_emp_fname . ?T2 :prof_office ?T2_prof_office . ?T3 :dept_name ?T3_dept_name . ?T2 :prof_high_degree ?T2_prof_high_degree . FILTER(?T3_dept_name = 'History' && ?T2_prof_high_degree = 'Ph.D.') . }",SELECT ?T1_emp_fname ?T2_prof_office WHERE { ?T1 a <http://valuenet/ontop/employee> . ?T2 a <http://valuenet/ontop/professor> . ?T2 <http://valuenet/ontop/ref-emp_num> ?T1 . ?T1 <http://valuenet/ontop/emp_fname> ?T1_emp_fname . ?T2 <http://valuenet/ontop/prof_office> ?T2_prof_office . ?T3 <http://valuenet/ontop/dept_name> ?T3_dept_name . ?T2 <http://valuenet/ontop/prof_high_degree> ?T2_prof_high_degree . ?T3 a <http://valuenet/ontop/department> . ?T2 <http://valuenet/ontop/ref-dept_code> ?T3 . ?T1 <http://valuenet/ontop/emp_fname> ?T1_emp_fname . ?T2 <http://valuenet/ontop/prof_office> ?T2_prof_office . ?T3 <http://valuenet/ontop/dept_name> ?T3_dept_name . ?T2 <http://valuenet/ontop/prof_high_degree> ?T2_prof_high_degree . FILTER(?T3_dept_name = 'History' && ?T2_prof_high_degree = 'Ph.D.') . }
What are the first names and office of the professors who are in the history department and have a Ph.D?,"PREFIX : <http://valuenet/ontop/>
SELECT ?T1_emp_fname ?T2_prof_office WHERE { ?T1 a :employee . ?T2 a :professor . ?T2 :ref-emp_num ?T1 . ?T1 :emp_fname ?T1_emp_fname . ?T2 :prof_office ?T2_prof_office . ?T3 :dept_name ?T3_dept_name . ?T2 :prof_high_degree ?T2_prof_high_degree . ?T3 a :department . ?T2 :ref-dept_code ?T3 . ?T1 :emp_fname ?T1_emp_fname . ?T2 :prof_office ?T2_prof_office . ?T3 :dept_name ?T3_dept_name . ?T2 :prof_high_degree ?T2_prof_high_degree . FILTER(?T3_dept_name = 'History' && ?T2_prof_high_degree = 'Ph.D.') . }",SELECT ?T1_emp_fname ?T2_prof_office WHERE { ?T1 a <http://valuenet/ontop/employee> . ?T2 a <http://valuenet/ontop/professor> . ?T2 <http://valuenet/ontop/ref-emp_num> ?T1 . ?T1 <http://valuenet/ontop/emp_fname> ?T1_emp_fname . ?T2 <http://valuenet/ontop/prof_office> ?T2_prof_office . ?T3 <http://valuenet/ontop/dept_name> ?T3_dept_name . ?T2 <http://valuenet/ontop/prof_high_degree> ?T2_prof_high_degree . ?T3 a <http://valuenet/ontop/department> . ?T2 <http://valuenet/ontop/ref-dept_code> ?T3 . ?T1 <http://valuenet/ontop/emp_fname> ?T1_emp_fname . ?T2 <http://valuenet/ontop/prof_office> ?T2_prof_office . ?T3 <http://valuenet/ontop/dept_name> ?T3_dept_name . ?T2 <http://valuenet/ontop/prof_high_degree> ?T2_prof_high_degree . FILTER(?T3_dept_name = 'History' && ?T2_prof_high_degree = 'Ph.D.') . }
Find the first names of all instructors who have taught some course and the course code.,"PREFIX : <http://valuenet/ontop/>
SELECT ?T1_emp_fname ?T2_crs_code WHERE { ?T1 a :employee . ?T2 a :class . ?T2 :ref-prof_num ?T1 . ?T1 :emp_fname ?T1_emp_fname . ?T2 :crs_code ?T2_crs_code . }",SELECT ?T1_emp_fname ?T2_crs_code WHERE { ?T1 a <http://valuenet/ontop/employee> . ?T2 a <http://valuenet/ontop/class> . ?T2 <http://valuenet/ontop/ref-prof_num> ?T1 . ?T1 <http://valuenet/ontop/emp_fname> ?T1_emp_fname . ?T2 <http://valuenet/ontop/crs_code> ?T2_crs_code . }
What are the first names of all teachers who have taught a course and the corresponding course codes?,"PREFIX : <http://valuenet/ontop/>
SELECT ?T1_emp_fname ?T2_crs_code WHERE { ?T1 a :employee . ?T2 a :class . ?T2 :ref-prof_num ?T1 . ?T1 :emp_fname ?T1_emp_fname . ?T2 :crs_code ?T2_crs_code . }",SELECT ?T1_emp_fname ?T2_crs_code WHERE { ?T1 a <http://valuenet/ontop/employee> . ?T2 a <http://valuenet/ontop/class> . ?T2 <http://valuenet/ontop/ref-prof_num> ?T1 . ?T1 <http://valuenet/ontop/emp_fname> ?T1_emp_fname . ?T2 <http://valuenet/ontop/crs_code> ?T2_crs_code . }
Find the first names of all instructors who have taught some course and the course description.,"PREFIX : <http://valuenet/ontop/>
SELECT ?T1_emp_fname ?T2_crs_description WHERE { ?T1 a :employee . ?T13 a :department . ?T13 :ref-emp_num ?T1 . ?T1 :emp_fname ?T1_emp_fname . ?T2 :crs_description ?T2_crs_description . ?T2 a :course . ?T2 :ref-dept_code ?T13 . ?T1 :emp_fname ?T1_emp_fname . ?T2 :crs_description ?T2_crs_description . }",SELECT ?T1_emp_fname ?T2_crs_description WHERE { ?T1 a <http://valuenet/ontop/employee> . ?T13 a <http://valuenet/ontop/department> . ?T13 <http://valuenet/ontop/ref-emp_num> ?T1 . ?T1 <http://valuenet/ontop/emp_fname> ?T1_emp_fname . ?T2 <http://valuenet/ontop/crs_description> ?T2_crs_description . ?T2 a <http://valuenet/ontop/course> . ?T2 <http://valuenet/ontop/ref-dept_code> ?T13 . ?T1 <http://valuenet/ontop/emp_fname> ?T1_emp_fname . ?T2 <http://valuenet/ontop/crs_description> ?T2_crs_description . }
What are the first names of all teachers who have taught a course and the corresponding descriptions?,"PREFIX : <http://valuenet/ontop/>
SELECT ?T1_emp_fname ?T2_crs_description WHERE { ?T1 a :employee . ?T13 a :department . ?T13 :ref-emp_num ?T1 . ?T1 :emp_fname ?T1_emp_fname . ?T2 :crs_description ?T2_crs_description . ?T2 a :course . ?T2 :ref-dept_code ?T13 . ?T1 :emp_fname ?T1_emp_fname . ?T2 :crs_description ?T2_crs_description . }",SELECT ?T1_emp_fname ?T2_crs_description WHERE { ?T1 a <http://valuenet/ontop/employee> . ?T13 a <http://valuenet/ontop/department> . ?T13 <http://valuenet/ontop/ref-emp_num> ?T1 . ?T1 <http://valuenet/ontop/emp_fname> ?T1_emp_fname . ?T2 <http://valuenet/ontop/crs_description> ?T2_crs_description . ?T2 a <http://valuenet/ontop/course> . ?T2 <http://valuenet/ontop/ref-dept_code> ?T13 . ?T1 <http://valuenet/ontop/emp_fname> ?T1_emp_fname . ?T2 <http://valuenet/ontop/crs_description> ?T2_crs_description . }
Find the first names and offices of all instructors who have taught some course and also find the course description.,"PREFIX : <http://valuenet/ontop/>
SELECT ?T1_emp_fname ?T2_prof_office ?T3_crs_description WHERE { ?T1 a :employee . ?T2 a :professor . ?T2 :ref-emp_num ?T1 . ?T1 :emp_fname ?T1_emp_fname . ?T2 :prof_office ?T2_prof_office . ?T3 :crs_description ?T3_crs_description . ?T14 a :department . ?T2 :ref-dept_code ?T14 . ?T1 :emp_fname ?T1_emp_fname . ?T2 :prof_office ?T2_prof_office . ?T3 :crs_description ?T3_crs_description . ?T3 a :course . ?T3 :ref-dept_code ?T14 . ?T1 :emp_fname ?T1_emp_fname . ?T2 :prof_office ?T2_prof_office . ?T3 :crs_description ?T3_crs_description . }",SELECT ?T1_emp_fname ?T2_prof_office ?T3_crs_description WHERE { ?T1 a <http://valuenet/ontop/employee> . ?T2 a <http://valuenet/ontop/professor> . ?T2 <http://valuenet/ontop/ref-emp_num> ?T1 . ?T1 <http://valuenet/ontop/emp_fname> ?T1_emp_fname . ?T2 <http://valuenet/ontop/prof_office> ?T2_prof_office . ?T3 <http://valuenet/ontop/crs_description> ?T3_crs_description . ?T14 a <http://valuenet/ontop/department> . ?T2 <http://valuenet/ontop/ref-dept_code> ?T14 . ?T1 <http://valuenet/ontop/emp_fname> ?T1_emp_fname . ?T2 <http://valuenet/ontop/prof_office> ?T2_prof_office . ?T3 <http://valuenet/ontop/crs_description> ?T3_crs_description . ?T3 a <http://valuenet/ontop/course> . ?T3 <http://valuenet/ontop/ref-dept_code> ?T14 . ?T1 <http://valuenet/ontop/emp_fname> ?T1_emp_fname . ?T2 <http://valuenet/ontop/prof_office> ?T2_prof_office . ?T3 <http://valuenet/ontop/crs_description> ?T3_crs_description . }
"What are the first names, office locations of all lecturers who have taught some course?","PREFIX : <http://valuenet/ontop/>
SELECT ?T1_emp_fname ?T2_prof_office ?T3_crs_description WHERE { ?T1 a :employee . ?T2 a :professor . ?T2 :ref-emp_num ?T1 . ?T1 :emp_fname ?T1_emp_fname . ?T2 :prof_office ?T2_prof_office . ?T3 :crs_description ?T3_crs_description . ?T14 a :department . ?T2 :ref-dept_code ?T14 . ?T1 :emp_fname ?T1_emp_fname . ?T2 :prof_office ?T2_prof_office . ?T3 :crs_description ?T3_crs_description . ?T3 a :course . ?T3 :ref-dept_code ?T14 . ?T1 :emp_fname ?T1_emp_fname . ?T2 :prof_office ?T2_prof_office . ?T3 :crs_description ?T3_crs_description . }",SELECT ?T1_emp_fname ?T2_prof_office ?T3_crs_description WHERE { ?T1 a <http://valuenet/ontop/employee> . ?T2 a <http://valuenet/ontop/professor> . ?T2 <http://valuenet/ontop/ref-emp_num> ?T1 . ?T1 <http://valuenet/ontop/emp_fname> ?T1_emp_fname . ?T2 <http://valuenet/ontop/prof_office> ?T2_prof_office . ?T3 <http://valuenet/ontop/crs_description> ?T3_crs_description . ?T14 a <http://valuenet/ontop/department> . ?T2 <http://valuenet/ontop/ref-dept_code> ?T14 . ?T1 <http://valuenet/ontop/emp_fname> ?T1_emp_fname . ?T2 <http://valuenet/ontop/prof_office> ?T2_prof_office . ?T3 <http://valuenet/ontop/crs_description> ?T3_crs_description . ?T3 a <http://valuenet/ontop/course> . ?T3 <http://valuenet/ontop/ref-dept_code> ?T14 . ?T1 <http://valuenet/ontop/emp_fname> ?T1_emp_fname . ?T2 <http://valuenet/ontop/prof_office> ?T2_prof_office . ?T3 <http://valuenet/ontop/crs_description> ?T3_crs_description . }
Find the first names and offices of all instructors who have taught some course and the course description and the department name.,"PREFIX : <http://valuenet/ontop/>
SELECT ?T1_emp_fname ?T2_prof_office ?T3_crs_description ?T4_dept_name WHERE { ?T1 a :employee . ?T2 a :professor . ?T2 :ref-emp_num ?T1 . ?T1 :emp_fname ?T1_emp_fname . ?T2 :prof_office ?T2_prof_office . ?T3 :crs_description ?T3_crs_description . ?T4 :dept_name ?T4_dept_name . ?T4 a :department . ?T2 :ref-dept_code ?T4 . ?T1 :emp_fname ?T1_emp_fname . ?T2 :prof_office ?T2_prof_office . ?T3 :crs_description ?T3_crs_description . ?T4 :dept_name ?T4_dept_name . ?T3 a :course . ?T3 :ref-dept_code ?T4 . ?T1 :emp_fname ?T1_emp_fname . ?T2 :prof_office ?T2_prof_office . ?T3 :crs_description ?T3_crs_description . ?T4 :dept_name ?T4_dept_name . }",SELECT ?T1_emp_fname ?T2_prof_office ?T3_crs_description ?T4_dept_name WHERE { ?T1 a <http://valuenet/ontop/employee> . ?T2 a <http://valuenet/ontop/professor> . ?T2 <http://valuenet/ontop/ref-emp_num> ?T1 . ?T1 <http://valuenet/ontop/emp_fname> ?T1_emp_fname . ?T2 <http://valuenet/ontop/prof_office> ?T2_prof_office . ?T3 <http://valuenet/ontop/crs_description> ?T3_crs_description . ?T4 <http://valuenet/ontop/dept_name> ?T4_dept_name . ?T4 a <http://valuenet/ontop/department> . ?T2 <http://valuenet/ontop/ref-dept_code> ?T4 . ?T1 <http://valuenet/ontop/emp_fname> ?T1_emp_fname . ?T2 <http://valuenet/ontop/prof_office> ?T2_prof_office . ?T3 <http://valuenet/ontop/crs_description> ?T3_crs_description . ?T4 <http://valuenet/ontop/dept_name> ?T4_dept_name . ?T3 a <http://valuenet/ontop/course> . ?T3 <http://valuenet/ontop/ref-dept_code> ?T4 . ?T1 <http://valuenet/ontop/emp_fname> ?T1_emp_fname . ?T2 <http://valuenet/ontop/prof_office> ?T2_prof_office . ?T3 <http://valuenet/ontop/crs_description> ?T3_crs_description . ?T4 <http://valuenet/ontop/dept_name> ?T4_dept_name . }
"What are the first names, office locations, and departments of all instructors, and also what are the descriptions of the courses they teach?","PREFIX : <http://valuenet/ontop/>
SELECT ?T1_emp_fname ?T2_prof_office ?T3_crs_description ?T4_dept_name WHERE { ?T1 a :employee . ?T2 a :professor . ?T2 :ref-emp_num ?T1 . ?T1 :emp_fname ?T1_emp_fname . ?T2 :prof_office ?T2_prof_office . ?T3 :crs_description ?T3_crs_description . ?T4 :dept_name ?T4_dept_name . ?T4 a :department . ?T2 :ref-dept_code ?T4 . ?T1 :emp_fname ?T1_emp_fname . ?T2 :prof_office ?T2_prof_office . ?T3 :crs_description ?T3_crs_description . ?T4 :dept_name ?T4_dept_name . ?T3 a :course . ?T3 :ref-dept_code ?T4 . ?T1 :emp_fname ?T1_emp_fname . ?T2 :prof_office ?T2_prof_office . ?T3 :crs_description ?T3_crs_description . ?T4 :dept_name ?T4_dept_name . }",SELECT ?T1_emp_fname ?T2_prof_office ?T3_crs_description ?T4_dept_name WHERE { ?T1 a <http://valuenet/ontop/employee> . ?T2 a <http://valuenet/ontop/professor> . ?T2 <http://valuenet/ontop/ref-emp_num> ?T1 . ?T1 <http://valuenet/ontop/emp_fname> ?T1_emp_fname . ?T2 <http://valuenet/ontop/prof_office> ?T2_prof_office . ?T3 <http://valuenet/ontop/crs_description> ?T3_crs_description . ?T4 <http://valuenet/ontop/dept_name> ?T4_dept_name . ?T4 a <http://valuenet/ontop/department> . ?T2 <http://valuenet/ontop/ref-dept_code> ?T4 . ?T1 <http://valuenet/ontop/emp_fname> ?T1_emp_fname . ?T2 <http://valuenet/ontop/prof_office> ?T2_prof_office . ?T3 <http://valuenet/ontop/crs_description> ?T3_crs_description . ?T4 <http://valuenet/ontop/dept_name> ?T4_dept_name . ?T3 a <http://valuenet/ontop/course> . ?T3 <http://valuenet/ontop/ref-dept_code> ?T4 . ?T1 <http://valuenet/ontop/emp_fname> ?T1_emp_fname . ?T2 <http://valuenet/ontop/prof_office> ?T2_prof_office . ?T3 <http://valuenet/ontop/crs_description> ?T3_crs_description . ?T4 <http://valuenet/ontop/dept_name> ?T4_dept_name . }
Find names of all students who took some course and got A or C.,"PREFIX : <http://valuenet/ontop/>
SELECT ?T1_stu_fname ?T1_stu_lname WHERE { ?T1 a :student . ?T2 a :enroll . ?T2 :ref-stu_num ?T1 . ?T1 :stu_fname ?T1_stu_fname . ?T1 :stu_lname ?T1_stu_lname . ?T2 :enroll_grade ?T2_enroll_grade . ?T2 :enroll_grade ?T2_enroll_grade . FILTER(?T2_enroll_grade = 'C' || ?T2_enroll_grade = 'A') . }",SELECT ?T1_stu_fname ?T1_stu_lname WHERE { ?T1 a <http://valuenet/ontop/student> . ?T2 a <http://valuenet/ontop/enroll> . ?T2 <http://valuenet/ontop/ref-stu_num> ?T1 . ?T1 <http://valuenet/ontop/stu_fname> ?T1_stu_fname . ?T1 <http://valuenet/ontop/stu_lname> ?T1_stu_lname . ?T2 <http://valuenet/ontop/enroll_grade> ?T2_enroll_grade . ?T2 <http://valuenet/ontop/enroll_grade> ?T2_enroll_grade . FILTER(?T2_enroll_grade = 'C' || ?T2_enroll_grade = 'A') . }
What are the names of all students taking a course who received an A or C?,"PREFIX : <http://valuenet/ontop/>
SELECT ?T1_stu_fname ?T1_stu_lname WHERE { ?T1 a :student . ?T2 a :enroll . ?T2 :ref-stu_num ?T1 . ?T1 :stu_fname ?T1_stu_fname . ?T1 :stu_lname ?T1_stu_lname . ?T2 :enroll_grade ?T2_enroll_grade . ?T2 :enroll_grade ?T2_enroll_grade . FILTER(?T2_enroll_grade = 'C' || ?T2_enroll_grade = 'A') . }",SELECT ?T1_stu_fname ?T1_stu_lname WHERE { ?T1 a <http://valuenet/ontop/student> . ?T2 a <http://valuenet/ontop/enroll> . ?T2 <http://valuenet/ontop/ref-stu_num> ?T1 . ?T1 <http://valuenet/ontop/stu_fname> ?T1_stu_fname . ?T1 <http://valuenet/ontop/stu_lname> ?T1_stu_lname . ?T2 <http://valuenet/ontop/enroll_grade> ?T2_enroll_grade . ?T2 <http://valuenet/ontop/enroll_grade> ?T2_enroll_grade . FILTER(?T2_enroll_grade = 'C' || ?T2_enroll_grade = 'A') . }
Find the first names of all professors in the Accounting department who is teaching some course and the class room.,"PREFIX : <http://valuenet/ontop/>
SELECT ?T1_emp_fname ?T2_class_room WHERE { ?T1 a :employee . ?T2 a :class . ?T2 :ref-prof_num ?T1 . ?T1 :emp_fname ?T1_emp_fname . ?T2 :class_room ?T2_class_room . ?T3 :dept_name ?T3_dept_name . ?T3 a :department . ?T3 :ref-emp_num ?T1 . ?T1 :emp_fname ?T1_emp_fname . ?T2 :class_room ?T2_class_room . ?T3 :dept_name ?T3_dept_name . FILTER(?T3_dept_name = 'Accounting') . }",SELECT ?T1_emp_fname ?T2_class_room WHERE { ?T1 a <http://valuenet/ontop/employee> . ?T2 a <http://valuenet/ontop/class> . ?T2 <http://valuenet/ontop/ref-prof_num> ?T1 . ?T1 <http://valuenet/ontop/emp_fname> ?T1_emp_fname . ?T2 <http://valuenet/ontop/class_room> ?T2_class_room . ?T3 <http://valuenet/ontop/dept_name> ?T3_dept_name . ?T3 a <http://valuenet/ontop/department> . ?T3 <http://valuenet/ontop/ref-emp_num> ?T1 . ?T1 <http://valuenet/ontop/emp_fname> ?T1_emp_fname . ?T2 <http://valuenet/ontop/class_room> ?T2_class_room . ?T3 <http://valuenet/ontop/dept_name> ?T3_dept_name . FILTER(?T3_dept_name = 'Accounting') . }
What are the first names of all Accounting professors who teach and what are the classrooms of the courses they teach?,"PREFIX : <http://valuenet/ontop/>
SELECT * WHERE { ?T1 a :class . ?T2 a :employee . ?T1 :prof_num ?num . ?T2 :emp_num ?num . ?T2 :emp_fname ?T2_emp_fname . ?T1 :class_room ?T1_class_room . ?T3 a :professor . ?T3 :ref-emp_num ?T2 . ?T4 a :department . ?T4 :dept_name ?T4_dept_name . ?T3 :ref-dept_code ?T4 . FILTER(?T4_dept_name = 'Accounting') . }",SELECT * WHERE { ?T1 a <http://valuenet/ontop/class> . ?T2 a <http://valuenet/ontop/employee> . ?T1 <http://valuenet/ontop/prof_num> ?num . ?T2 <http://valuenet/ontop/emp_num> ?num . ?T2 <http://valuenet/ontop/emp_fname> ?T2_emp_fname . ?T1 <http://valuenet/ontop/class_room> ?T1_class_room . ?T3 a <http://valuenet/ontop/professor> . ?T3 <http://valuenet/ontop/ref-emp_num> ?T2 . ?T4 a <http://valuenet/ontop/department> . ?T4 <http://valuenet/ontop/dept_name> ?T4_dept_name . ?T3 <http://valuenet/ontop/ref-dept_code> ?T4 . FILTER(?T4_dept_name = 'Accounting') . }
Find the first names and degree of all professors who are teaching some class in Computer Info. Systems department.,"PREFIX : <http://valuenet/ontop/>
SELECT DISTINCT ?T1_emp_fname ?T2_prof_high_degree WHERE { ?T1 a :employee . ?T2 a :professor . ?T2 :ref-emp_num ?T1 . ?T1 :emp_fname ?T1_emp_fname . ?T2 :prof_high_degree ?T2_prof_high_degree . ?T3 :dept_name ?T3_dept_name . ?T3 a :department . ?T2 :ref-dept_code ?T3 . ?T1 :emp_fname ?T1_emp_fname . ?T2 :prof_high_degree ?T2_prof_high_degree . ?T3 :dept_name ?T3_dept_name . FILTER(?T3_dept_name = 'Computer Info. Systems') . }",SELECT DISTINCT ?T1_emp_fname ?T2_prof_high_degree WHERE { ?T1 a <http://valuenet/ontop/employee> . ?T2 a <http://valuenet/ontop/professor> . ?T2 <http://valuenet/ontop/ref-emp_num> ?T1 . ?T1 <http://valuenet/ontop/emp_fname> ?T1_emp_fname . ?T2 <http://valuenet/ontop/prof_high_degree> ?T2_prof_high_degree . ?T3 <http://valuenet/ontop/dept_name> ?T3_dept_name . ?T3 a <http://valuenet/ontop/department> . ?T2 <http://valuenet/ontop/ref-dept_code> ?T3 . ?T1 <http://valuenet/ontop/emp_fname> ?T1_emp_fname . ?T2 <http://valuenet/ontop/prof_high_degree> ?T2_prof_high_degree . ?T3 <http://valuenet/ontop/dept_name> ?T3_dept_name . FILTER(?T3_dept_name = 'Computer Info. Systems') . }
What are the different first names and highest degree attained for professors teaching in the Computer Information Systems department?,"PREFIX : <http://valuenet/ontop/>
SELECT DISTINCT ?T1_emp_fname ?T2_prof_high_degree WHERE { ?T1 a :employee . ?T2 a :professor . ?T2 :ref-emp_num ?T1 . ?T1 :emp_fname ?T1_emp_fname . ?T2 :prof_high_degree ?T2_prof_high_degree . ?T3 :dept_name ?T3_dept_name . ?T3 a :department . ?T2 :ref-dept_code ?T3 . ?T1 :emp_fname ?T1_emp_fname . ?T2 :prof_high_degree ?T2_prof_high_degree . ?T3 :dept_name ?T3_dept_name . FILTER(?T3_dept_name = 'Computer Info. Systems') . }",SELECT DISTINCT ?T1_emp_fname ?T2_prof_high_degree WHERE { ?T1 a <http://valuenet/ontop/employee> . ?T2 a <http://valuenet/ontop/professor> . ?T2 <http://valuenet/ontop/ref-emp_num> ?T1 . ?T1 <http://valuenet/ontop/emp_fname> ?T1_emp_fname . ?T2 <http://valuenet/ontop/prof_high_degree> ?T2_prof_high_degree . ?T3 <http://valuenet/ontop/dept_name> ?T3_dept_name . ?T3 a <http://valuenet/ontop/department> . ?T2 <http://valuenet/ontop/ref-dept_code> ?T3 . ?T1 <http://valuenet/ontop/emp_fname> ?T1_emp_fname . ?T2 <http://valuenet/ontop/prof_high_degree> ?T2_prof_high_degree . ?T3 <http://valuenet/ontop/dept_name> ?T3_dept_name . FILTER(?T3_dept_name = 'Computer Info. Systems') . }
What is the last name of the student who got a grade A in the class with code 10018.,"PREFIX : <http://valuenet/ontop/>
SELECT ?T1_stu_lname WHERE { ?T1 a :student . ?T2 a :enroll . ?T2 :ref-stu_num ?T1 . ?T1 :stu_lname ?T1_stu_lname . ?T2 :enroll_grade ?T2_enroll_grade . ?T2 :class_code ?T2_class_code . FILTER(?T2_enroll_grade = 'A' && ?T2_class_code = '10018') . }",SELECT ?T1_stu_lname WHERE { ?T1 a <http://valuenet/ontop/student> . ?T2 a <http://valuenet/ontop/enroll> . ?T2 <http://valuenet/ontop/ref-stu_num> ?T1 . ?T1 <http://valuenet/ontop/stu_lname> ?T1_stu_lname . ?T2 <http://valuenet/ontop/enroll_grade> ?T2_enroll_grade . ?T2 <http://valuenet/ontop/class_code> ?T2_class_code . FILTER(?T2_enroll_grade = 'A' && ?T2_class_code = '10018') . }
What is the last name of the student who received an A in the class with the code 10018?,"PREFIX : <http://valuenet/ontop/>
SELECT ?T1_stu_lname WHERE { ?T1 a :student . ?T2 a :enroll . ?T2 :ref-stu_num ?T1 . ?T1 :stu_lname ?T1_stu_lname . ?T2 :enroll_grade ?T2_enroll_grade . ?T2 :class_code ?T2_class_code . FILTER(?T2_enroll_grade = 'A' && ?T2_class_code = '10018') . }",SELECT ?T1_stu_lname WHERE { ?T1 a <http://valuenet/ontop/student> . ?T2 a <http://valuenet/ontop/enroll> . ?T2 <http://valuenet/ontop/ref-stu_num> ?T1 . ?T1 <http://valuenet/ontop/stu_lname> ?T1_stu_lname . ?T2 <http://valuenet/ontop/enroll_grade> ?T2_enroll_grade . ?T2 <http://valuenet/ontop/class_code> ?T2_class_code . FILTER(?T2_enroll_grade = 'A' && ?T2_class_code = '10018') . }
Find the first name and office of history professor who did not get a Ph.D. degree.,"PREFIX : <http://valuenet/ontop/>
SELECT ?T1_emp_fname ?T2_prof_office WHERE { ?T1 a :employee . ?T2 a :professor . ?T2 :ref-emp_num ?T1 . ?T1 :emp_fname ?T1_emp_fname . ?T2 :prof_office ?T2_prof_office . ?T3 :dept_name ?T3_dept_name . ?T2 :prof_high_degree ?T2_prof_high_degree . ?T3 a :department . ?T2 :ref-dept_code ?T3 . ?T1 :emp_fname ?T1_emp_fname . ?T2 :prof_office ?T2_prof_office . ?T3 :dept_name ?T3_dept_name . ?T2 :prof_high_degree ?T2_prof_high_degree . FILTER(?T3_dept_name = 'History' && ?T2_prof_high_degree != 'Ph.D.') . }",SELECT ?T1_emp_fname ?T2_prof_office WHERE { ?T1 a <http://valuenet/ontop/employee> . ?T2 a <http://valuenet/ontop/professor> . ?T2 <http://valuenet/ontop/ref-emp_num> ?T1 . ?T1 <http://valuenet/ontop/emp_fname> ?T1_emp_fname . ?T2 <http://valuenet/ontop/prof_office> ?T2_prof_office . ?T3 <http://valuenet/ontop/dept_name> ?T3_dept_name . ?T2 <http://valuenet/ontop/prof_high_degree> ?T2_prof_high_degree . ?T3 a <http://valuenet/ontop/department> . ?T2 <http://valuenet/ontop/ref-dept_code> ?T3 . ?T1 <http://valuenet/ontop/emp_fname> ?T1_emp_fname . ?T2 <http://valuenet/ontop/prof_office> ?T2_prof_office . ?T3 <http://valuenet/ontop/dept_name> ?T3_dept_name . ?T2 <http://valuenet/ontop/prof_high_degree> ?T2_prof_high_degree . FILTER(?T3_dept_name = 'History' && ?T2_prof_high_degree != 'Ph.D.') . }
What are the first names and offices of history professors who don't have Ph.D.s?,"PREFIX : <http://valuenet/ontop/>
SELECT ?T1_emp_fname ?T2_prof_office WHERE { ?T1 a :employee . ?T2 a :professor . ?T2 :ref-emp_num ?T1 . ?T1 :emp_fname ?T1_emp_fname . ?T2 :prof_office ?T2_prof_office . ?T3 :dept_name ?T3_dept_name . ?T2 :prof_high_degree ?T2_prof_high_degree . ?T3 a :department . ?T2 :ref-dept_code ?T3 . ?T1 :emp_fname ?T1_emp_fname . ?T2 :prof_office ?T2_prof_office . ?T3 :dept_name ?T3_dept_name . ?T2 :prof_high_degree ?T2_prof_high_degree . FILTER(?T3_dept_name = 'History' && ?T2_prof_high_degree != 'Ph.D.') . }",SELECT ?T1_emp_fname ?T2_prof_office WHERE { ?T1 a <http://valuenet/ontop/employee> . ?T2 a <http://valuenet/ontop/professor> . ?T2 <http://valuenet/ontop/ref-emp_num> ?T1 . ?T1 <http://valuenet/ontop/emp_fname> ?T1_emp_fname . ?T2 <http://valuenet/ontop/prof_office> ?T2_prof_office . ?T3 <http://valuenet/ontop/dept_name> ?T3_dept_name . ?T2 <http://valuenet/ontop/prof_high_degree> ?T2_prof_high_degree . ?T3 a <http://valuenet/ontop/department> . ?T2 <http://valuenet/ontop/ref-dept_code> ?T3 . ?T1 <http://valuenet/ontop/emp_fname> ?T1_emp_fname . ?T2 <http://valuenet/ontop/prof_office> ?T2_prof_office . ?T3 <http://valuenet/ontop/dept_name> ?T3_dept_name . ?T2 <http://valuenet/ontop/prof_high_degree> ?T2_prof_high_degree . FILTER(?T3_dept_name = 'History' && ?T2_prof_high_degree != 'Ph.D.') . }
Find the first names of professors who are teaching more than one class.,"PREFIX : <http://valuenet/ontop/>
SELECT ?T1_emp_fname WHERE { ?T1 a :employee . ?T2 a :class . ?T2 :ref-prof_num ?T1 . ?T1 :emp_fname ?T1_emp_fname . } GROUP BY ?T1_emp_fname HAVING(count( *) > 1)",SELECT ?T1_emp_fname WHERE { ?T1 a <http://valuenet/ontop/employee> . ?T2 a <http://valuenet/ontop/class> . ?T2 <http://valuenet/ontop/ref-prof_num> ?T1 . ?T1 <http://valuenet/ontop/emp_fname> ?T1_emp_fname . } GROUP BY ?T1_emp_fname HAVING(count( *) > 1)
What are the first names of all professors who teach more than one class?,"PREFIX : <http://valuenet/ontop/>
SELECT ?T1_emp_fname WHERE { ?T1 a :employee . ?T2 a :class . ?T2 :ref-prof_num ?T1 . ?T1 :emp_fname ?T1_emp_fname . } GROUP BY ?T1_emp_fname HAVING(count( *) > 1)",SELECT ?T1_emp_fname WHERE { ?T1 a <http://valuenet/ontop/employee> . ?T2 a <http://valuenet/ontop/class> . ?T2 <http://valuenet/ontop/ref-prof_num> ?T1 . ?T1 <http://valuenet/ontop/emp_fname> ?T1_emp_fname . } GROUP BY ?T1_emp_fname HAVING(count( *) > 1)
Find the first names of students who took exactly one class.,"PREFIX : <http://valuenet/ontop/>
SELECT ?T1_stu_fname WHERE { ?T1 a :student . ?T2 a :enroll . ?T2 :ref-stu_num ?T1 . ?T1 :stu_fname ?T1_stu_fname . } GROUP BY ?T1_stu_fname HAVING(count( *) = 1)",SELECT ?T1_stu_fname WHERE { ?T1 a <http://valuenet/ontop/student> . ?T2 a <http://valuenet/ontop/enroll> . ?T2 <http://valuenet/ontop/ref-stu_num> ?T1 . ?T1 <http://valuenet/ontop/stu_fname> ?T1_stu_fname . } GROUP BY ?T1_stu_fname HAVING(count( *) = 1)
What are the first names of student who only took one course?,"PREFIX : <http://valuenet/ontop/>
SELECT ?T1_stu_fname WHERE { ?T1 a :student . ?T2 a :enroll . ?T2 :ref-stu_num ?T1 . ?T1 :stu_fname ?T1_stu_fname . } GROUP BY ?T1_stu_fname HAVING(count( *) = 1)",SELECT ?T1_stu_fname WHERE { ?T1 a <http://valuenet/ontop/student> . ?T2 a <http://valuenet/ontop/enroll> . ?T2 <http://valuenet/ontop/ref-stu_num> ?T1 . ?T1 <http://valuenet/ontop/stu_fname> ?T1_stu_fname . } GROUP BY ?T1_stu_fname HAVING(count( *) = 1)
Find the name of department that offers the class whose description has the word 'Statistics'.,"PREFIX : <http://valuenet/ontop/>
SELECT ?T1_dept_name WHERE { ?T1 a :department . ?T2 a :course . ?T2 :ref-dept_code ?T1 . ?T1 :dept_name ?T1_dept_name . ?T2 :crs_description ?T2_crs_description . FILTER(contains (?T2_crs_description, 'Statistics')) . }","SELECT ?T1_dept_name WHERE { ?T1 a <http://valuenet/ontop/department> . ?T2 a <http://valuenet/ontop/course> . ?T2 <http://valuenet/ontop/ref-dept_code> ?T1 . ?T1 <http://valuenet/ontop/dept_name> ?T1_dept_name . ?T2 <http://valuenet/ontop/crs_description> ?T2_crs_description . FILTER(contains (?T2_crs_description, 'Statistics')) . }"
What is the name of the department that offers a course that has a description including the word 'Statistics'?,"PREFIX : <http://valuenet/ontop/>
SELECT ?T1_dept_name WHERE { ?T1 a :department . ?T2 a :course . ?T2 :ref-dept_code ?T1 . ?T1 :dept_name ?T1_dept_name . ?T2 :crs_description ?T2_crs_description . FILTER(contains (?T2_crs_description, 'Statistics')) . }","SELECT ?T1_dept_name WHERE { ?T1 a <http://valuenet/ontop/department> . ?T2 a <http://valuenet/ontop/course> . ?T2 <http://valuenet/ontop/ref-dept_code> ?T1 . ?T1 <http://valuenet/ontop/dept_name> ?T1_dept_name . ?T2 <http://valuenet/ontop/crs_description> ?T2_crs_description . FILTER(contains (?T2_crs_description, 'Statistics')) . }"
What is the first name of the student whose last name starting with the letter S and is taking ACCT-211 class?,"PREFIX : <http://valuenet/ontop/>
SELECT ?T1_stu_fname WHERE { ?T1 a :student . ?T13 a :enroll . ?T13 :ref-stu_num ?T1 . ?T1 :stu_fname ?T1_stu_fname . ?T2 :crs_code ?T2_crs_code . ?T1 :stu_lname ?T1_stu_lname . ?T2 a :class . ?T13 :ref-class_code ?T2 . ?T1 :stu_fname ?T1_stu_fname . ?T2 :crs_code ?T2_crs_code . ?T1 :stu_lname ?T1_stu_lname . FILTER(?T2_crs_code = 'ACCT-211' && contains (?T1_stu_lname, 'S')) . }","SELECT ?T1_stu_fname WHERE { ?T1 a <http://valuenet/ontop/student> . ?T13 a <http://valuenet/ontop/enroll> . ?T13 <http://valuenet/ontop/ref-stu_num> ?T1 . ?T1 <http://valuenet/ontop/stu_fname> ?T1_stu_fname . ?T2 <http://valuenet/ontop/crs_code> ?T2_crs_code . ?T1 <http://valuenet/ontop/stu_lname> ?T1_stu_lname . ?T2 a <http://valuenet/ontop/class> . ?T13 <http://valuenet/ontop/ref-class_code> ?T2 . ?T1 <http://valuenet/ontop/stu_fname> ?T1_stu_fname . ?T2 <http://valuenet/ontop/crs_code> ?T2_crs_code . ?T1 <http://valuenet/ontop/stu_lname> ?T1_stu_lname . FILTER(?T2_crs_code = 'ACCT-211' && contains (?T1_stu_lname, 'S')) . }"
What is the first name of the student whose last name starts with the letter S and is taking ACCT-211?,"PREFIX : <http://valuenet/ontop/>
SELECT ?T1_stu_fname WHERE { ?T1 a :student . ?T13 a :enroll . ?T13 :ref-stu_num ?T1 . ?T1 :stu_fname ?T1_stu_fname . ?T2 :crs_code ?T2_crs_code . ?T1 :stu_lname ?T1_stu_lname . ?T2 a :class . ?T13 :ref-class_code ?T2 . ?T1 :stu_fname ?T1_stu_fname . ?T2 :crs_code ?T2_crs_code . ?T1 :stu_lname ?T1_stu_lname . FILTER(?T2_crs_code = 'ACCT-211' && contains (?T1_stu_lname, 'S')) . }","SELECT ?T1_stu_fname WHERE { ?T1 a <http://valuenet/ontop/student> . ?T13 a <http://valuenet/ontop/enroll> . ?T13 <http://valuenet/ontop/ref-stu_num> ?T1 . ?T1 <http://valuenet/ontop/stu_fname> ?T1_stu_fname . ?T2 <http://valuenet/ontop/crs_code> ?T2_crs_code . ?T1 <http://valuenet/ontop/stu_lname> ?T1_stu_lname . ?T2 a <http://valuenet/ontop/class> . ?T13 <http://valuenet/ontop/ref-class_code> ?T2 . ?T1 <http://valuenet/ontop/stu_fname> ?T1_stu_fname . ?T2 <http://valuenet/ontop/crs_code> ?T2_crs_code . ?T1 <http://valuenet/ontop/stu_lname> ?T1_stu_lname . FILTER(?T2_crs_code = 'ACCT-211' && contains (?T1_stu_lname, 'S')) . }"
